2026-09-09T09:00:00+02:00	Une journée. Une app.	https://rapido-software.s3.eu-west-3.amazonaws.com/rapidosoftware/cms/bibliotheque/FoodEatUp%20-%20Une%20journ%C3%A9e.%20Une%20app.%20%289x16%29.mp4	https://rapido-software.s3.eu-west-3.amazonaws.com/rapidosoftware/cms/bibliotheque/FoodEatUp%20-%20Une%20journ%C3%A9e.%20Une%20app.%20%28vignette%29.jpg	Une journée. Une app.\n\nFoodEatUp — une infinité de solutions pour gérer votre restaurant. Essai gratuit, sans carte bancaire.\n\nL'événement de la semaine : masterclass « IA et restaurant : comment la mettre en place ? », vendredi 12 septembre à 10 h, en direct sur LinkedIn. Gratuit, avec le replay pour les inscrits.\nInscription et ajout à votre agenda : https://calendar.app.google/wttUFqbCt42VvZWcA\nWhatsApp : https://wa.me/33614189225 (06 14 18 92 25)\nMa carte de visite : https://carte.foodeatup.com/michael\nComposer votre devis : https://site.foodeatup.com/creer-mon-devis\n\n#restaurant #restauration #logicielrestaurant #HACCP #IA #FoodEatUp
2026-09-09T13:00:00+02:00	Le même restaurant, avant et après	https://rapido-software.s3.eu-west-3.amazonaws.com/rapidosoftware/cms/bibliotheque/FoodEatUp%20-%20Le%20m%C3%AAme%20restaurant%2C%20avant%20et%20apr%C3%A8s%20%289x16%29.mp4	https://rapido-software.s3.eu-west-3.amazonaws.com/rapidosoftware/cms/bibliotheque/FoodEatUp%20-%20Le%20m%C3%AAme%20restaurant%2C%20avant%20et%20apr%C3%A8s%20%28vignette%29.jpg	Le même restaurant, avant et après\n\nFoodEatUp — une infinité de solutions pour gérer votre restaurant. Essai gratuit, sans carte bancaire.\n\nL'événement de la semaine : masterclass « IA et restaurant : comment la mettre en place ? », vendredi 12 septembre à 10 h, en direct sur LinkedIn. Gratuit, avec le replay pour les inscrits.\nInscription et ajout à votre agenda : https://calendar.app.google/wttUFqbCt42VvZWcA\nWhatsApp : https://wa.me/33614189225 (06 14 18 92 25)\nMa carte de visite : https://carte.foodeatup.com/michael\nComposer votre devis : https://site.foodeatup.com/creer-mon-devis\n\n#restaurant #restauration #logicielrestaurant #HACCP #IA #FoodEatUp
2026-09-09T18:30:00+02:00	Le contrôleur	https://rapido-software.s3.eu-west-3.amazonaws.com/rapidosoftware/cms/bibliotheque/FoodEatUp%20-%20Le%20contr%C3%B4leur%20%289x16%29.mp4	https://rapido-software.s3.eu-west-3.amazonaws.com/rapidosoftware/cms/bibliotheque/FoodEatUp%20-%20Le%20contr%C3%B4leur%20%28vignette%29.jpg	Le contrôleur\n\nFoodEatUp — une infinité de solutions pour gérer votre restaurant. Essai gratuit, sans carte bancaire.\n\nL'événement de la semaine : masterclass « IA et restaurant : comment la mettre en place ? », vendredi 12 septembre à 10 h, en direct sur LinkedIn. Gratuit, avec le replay pour les inscrits.\nInscription et ajout à votre agenda : https://calendar.app.google/wttUFqbCt42VvZWcA\nWhatsApp : https://wa.me/33614189225 (06 14 18 92 25)\nMa carte de visite : https://carte.foodeatup.com/michael\nComposer votre devis : https://site.foodeatup.com/creer-mon-devis\n\n#restaurant #restauration #logicielrestaurant #HACCP #IA #FoodEatUp
2026-09-10T09:00:00+02:00	Un tour du restaurant	https://rapido-software.s3.eu-west-3.amazonaws.com/rapidosoftware/cms/bibliotheque/FoodEatUp%20-%20Un%20tour%20du%20restaurant%20%289x16%29.mp4	https://rapido-software.s3.eu-west-3.amazonaws.com/rapidosoftware/cms/bibliotheque/FoodEatUp%20-%20Un%20tour%20du%20restaurant%20%28vignette%29.jpg	Un tour du restaurant\n\nFoodEatUp — une infinité de solutions pour gérer votre restaurant. Essai gratuit, sans carte bancaire.\n\nL'événement de la semaine : masterclass « IA et restaurant : comment la mettre en place ? », vendredi 12 septembre à 10 h, en direct sur LinkedIn. Gratuit, avec le replay pour les inscrits.\nInscription et ajout à votre agenda : https://calendar.app.google/wttUFqbCt42VvZWcA\nWhatsApp : https://wa.me/33614189225 (06 14 18 92 25)\nMa carte de visite : https://carte.foodeatup.com/michael\nComposer votre devis : https://site.foodeatup.com/creer-mon-devis\n\n#restaurant #restauration #logicielrestaurant #HACCP #IA #FoodEatUp
2026-09-10T13:00:00+02:00	Le même restaurant, deux fois	https://rapido-software.s3.eu-west-3.amazonaws.com/rapidosoftware/cms/bibliotheque/FoodEatUp%20-%20Le%20m%C3%AAme%20restaurant%2C%20deux%20fois%20%289x16%29.mp4	https://rapido-software.s3.eu-west-3.amazonaws.com/rapidosoftware/cms/bibliotheque/FoodEatUp%20-%20Le%20m%C3%AAme%20restaurant%2C%20deux%20fois%20%28vignette%29.jpg	Le même restaurant, deux fois\n\nFoodEatUp — une infinité de solutions pour gérer votre restaurant. Essai gratuit, sans carte bancaire.\n\nL'événement de la semaine : masterclass « IA et restaurant : comment la mettre en place ? », vendredi 12 septembre à 10 h, en direct sur LinkedIn. Gratuit, avec le replay pour les inscrits.\nInscription et ajout à votre agenda : https://calendar.app.google/wttUFqbCt42VvZWcA\nWhatsApp : https://wa.me/33614189225 (06 14 18 92 25)\nMa carte de visite : https://carte.foodeatup.com/michael\nComposer votre devis : https://site.foodeatup.com/creer-mon-devis\n\n#restaurant #restauration #logicielrestaurant #HACCP #IA #FoodEatUp
2026-09-10T18:30:00+02:00	Bande-annonce	https://rapido-software.s3.eu-west-3.amazonaws.com/rapidosoftware/cms/bibliotheque/FoodEatUp%20-%20Bande-annonce%20%289x16%29.mp4	https://rapido-software.s3.eu-west-3.amazonaws.com/rapidosoftware/cms/bibliotheque/FoodEatUp%20-%20Bande-annonce%20%28vignette%29.jpg	Bande-annonce\n\nFoodEatUp — une infinité de solutions pour gérer votre restaurant. Essai gratuit, sans carte bancaire.\n\nL'événement de la semaine : masterclass « IA et restaurant : comment la mettre en place ? », vendredi 12 septembre à 10 h, en direct sur LinkedIn. Gratuit, avec le replay pour les inscrits.\nInscription et ajout à votre agenda : https://calendar.app.google/wttUFqbCt42VvZWcA\nWhatsApp : https://wa.me/33614189225 (06 14 18 92 25)\nMa carte de visite : https://carte.foodeatup.com/michael\nComposer votre devis : https://site.foodeatup.com/creer-mon-devis\n\n#restaurant #restauration #logicielrestaurant #HACCP #IA #FoodEatUp
2026-09-11T09:00:00+02:00	Le contrôle	https://rapido-software.s3.eu-west-3.amazonaws.com/rapidosoftware/cms/bibliotheque/FoodEatUp%20-%20Le%20contr%C3%B4le%20%289x16%29.mp4	https://rapido-software.s3.eu-west-3.amazonaws.com/rapidosoftware/cms/bibliotheque/FoodEatUp%20-%20Le%20contr%C3%B4le%20%28vignette%29.jpg	Le contrôle\n\nFoodEatUp — une infinité de solutions pour gérer votre restaurant. Essai gratuit, sans carte bancaire.\n\nL'événement de la semaine : masterclass « IA et restaurant : comment la mettre en place ? », vendredi 12 septembre à 10 h, en direct sur LinkedIn. Gratuit, avec le replay pour les inscrits.\nInscription et ajout à votre agenda : https://calendar.app.google/wttUFqbCt42VvZWcA\nWhatsApp : https://wa.me/33614189225 (06 14 18 92 25)\nMa carte de visite : https://carte.foodeatup.com/michael\nComposer votre devis : https://site.foodeatup.com/creer-mon-devis\n\n#restaurant #restauration #logicielrestaurant #HACCP #IA #FoodEatUp
2026-09-11T13:00:00+02:00	L'inventaire	https://rapido-software.s3.eu-west-3.amazonaws.com/rapidosoftware/cms/bibliotheque/FoodEatUp%20-%20L%27inventaire%20%289x16%29.mp4	https://rapido-software.s3.eu-west-3.amazonaws.com/rapidosoftware/cms/bibliotheque/FoodEatUp%20-%20L%27inventaire%20%28vignette%29.jpg	L'inventaire\n\nFoodEatUp — une infinité de solutions pour gérer votre restaurant. Essai gratuit, sans carte bancaire.\n\nL'événement de la semaine : masterclass « IA et restaurant : comment la mettre en place ? », vendredi 12 septembre à 10 h, en direct sur LinkedIn. Gratuit, avec le replay pour les inscrits.\nInscription et ajout à votre agenda : https://calendar.app.google/wttUFqbCt42VvZWcA\nWhatsApp : https://wa.me/33614189225 (06 14 18 92 25)\nMa carte de visite : https://carte.foodeatup.com/michael\nComposer votre devis : https://site.foodeatup.com/creer-mon-devis\n\n#restaurant #restauration #logicielrestaurant #HACCP #IA #FoodEatUp
2026-09-11T18:30:00+02:00	Le planning	https://rapido-software.s3.eu-west-3.amazonaws.com/rapidosoftware/cms/bibliotheque/FoodEatUp%20-%20Le%20planning%20%289x16%29.mp4	https://rapido-software.s3.eu-west-3.amazonaws.com/rapidosoftware/cms/bibliotheque/FoodEatUp%20-%20Le%20planning%20%28vignette%29.jpg	Le planning\n\nFoodEatUp — une infinité de solutions pour gérer votre restaurant. Essai gratuit, sans carte bancaire.\n\nL'événement de la semaine : masterclass « IA et restaurant : comment la mettre en place ? », vendredi 12 septembre à 10 h, en direct sur LinkedIn. Gratuit, avec le replay pour les inscrits.\nInscription et ajout à votre agenda : https://calendar.app.google/wttUFqbCt42VvZWcA\nWhatsApp : https://wa.me/33614189225 (06 14 18 92 25)\nMa carte de visite : https://carte.foodeatup.com/michael\nComposer votre devis : https://site.foodeatup.com/creer-mon-devis\n\n#restaurant #restauration #logicielrestaurant #HACCP #IA #FoodEatUp
2026-09-12T09:00:00+02:00	L'addition	https://rapido-software.s3.eu-west-3.amazonaws.com/rapidosoftware/cms/bibliotheque/FoodEatUp%20-%20L%27addition%20%289x16%29.mp4	https://rapido-software.s3.eu-west-3.amazonaws.com/rapidosoftware/cms/bibliotheque/FoodEatUp%20-%20L%27addition%20%28vignette%29.jpg	L'addition\n\nFoodEatUp — une infinité de solutions pour gérer votre restaurant. Essai gratuit, sans carte bancaire.\n\nL'événement de la semaine : masterclass « IA et restaurant : comment la mettre en place ? », vendredi 12 septembre à 10 h, en direct sur LinkedIn. Gratuit, avec le replay pour les inscrits.\nInscription et ajout à votre agenda : https://calendar.app.google/wttUFqbCt42VvZWcA\nWhatsApp : https://wa.me/33614189225 (06 14 18 92 25)\nMa carte de visite : https://carte.foodeatup.com/michael\nComposer votre devis : https://site.foodeatup.com/creer-mon-devis\n\n#restaurant #restauration #logicielrestaurant #HACCP #IA #FoodEatUp
2026-09-12T13:00:00+02:00	La double réservation	https://rapido-software.s3.eu-west-3.amazonaws.com/rapidosoftware/cms/bibliotheque/FoodEatUp%20-%20La%20double%20r%C3%A9servation%20%289x16%29.mp4	https://rapido-software.s3.eu-west-3.amazonaws.com/rapidosoftware/cms/bibliotheque/FoodEatUp%20-%20La%20double%20r%C3%A9servation%20%28vignette%29.jpg	La double réservation\n\nFoodEatUp — une infinité de solutions pour gérer votre restaurant. Essai gratuit, sans carte bancaire.\n\nL'événement de la semaine : masterclass « IA et restaurant : comment la mettre en place ? », vendredi 12 septembre à 10 h, en direct sur LinkedIn. Gratuit, avec le replay pour les inscrits.\nInscription et ajout à votre agenda : https://calendar.app.google/wttUFqbCt42VvZWcA\nWhatsApp : https://wa.me/33614189225 (06 14 18 92 25)\nMa carte de visite : https://carte.foodeatup.com/michael\nComposer votre devis : https://site.foodeatup.com/creer-mon-devis\n\n#restaurant #restauration #logicielrestaurant #HACCP #IA #FoodEatUp
2026-09-12T18:30:00+02:00	L'avis du soir	https://rapido-software.s3.eu-west-3.amazonaws.com/rapidosoftware/cms/bibliotheque/FoodEatUp%20-%20L%27avis%20du%20soir%20%289x16%29.mp4	https://rapido-software.s3.eu-west-3.amazonaws.com/rapidosoftware/cms/bibliotheque/FoodEatUp%20-%20L%27avis%20du%20soir%20%28vignette%29.jpg	L'avis du soir\n\nFoodEatUp — une infinité de solutions pour gérer votre restaurant. Essai gratuit, sans carte bancaire.\n\nL'événement de la semaine : masterclass « IA et restaurant : comment la mettre en place ? », vendredi 12 septembre à 10 h, en direct sur LinkedIn. Gratuit, avec le replay pour les inscrits.\nInscription et ajout à votre agenda : https://calendar.app.google/wttUFqbCt42VvZWcA\nWhatsApp : https://wa.me/33614189225 (06 14 18 92 25)\nMa carte de visite : https://carte.foodeatup.com/michael\nComposer votre devis : https://site.foodeatup.com/creer-mon-devis\n\n#restaurant #restauration #logicielrestaurant #HACCP #IA #FoodEatUp
2026-09-13T09:00:00+02:00	Le carnet du matin	https://rapido-software.s3.eu-west-3.amazonaws.com/rapidosoftware/cms/bibliotheque/FoodEatUp%20-%20Le%20carnet%20du%20matin%20%289x16%29.mp4	https://rapido-software.s3.eu-west-3.amazonaws.com/rapidosoftware/cms/bibliotheque/FoodEatUp%20-%20Le%20carnet%20du%20matin%20%28vignette%29.jpg	Le carnet du matin\n\nFoodEatUp — une infinité de solutions pour gérer votre restaurant. Essai gratuit, sans carte bancaire.\n\nL'événement de la semaine : masterclass « IA et restaurant : comment la mettre en place ? », vendredi 12 septembre à 10 h, en direct sur LinkedIn. Gratuit, avec le replay pour les inscrits.\nInscription et ajout à votre agenda : https://calendar.app.google/wttUFqbCt42VvZWcA\nWhatsApp : https://wa.me/33614189225 (06 14 18 92 25)\nMa carte de visite : https://carte.foodeatup.com/michael\nComposer votre devis : https://site.foodeatup.com/creer-mon-devis\n\n#restaurant #restauration #logicielrestaurant #HACCP #IA #FoodEatUp
2026-09-13T13:00:00+02:00	Deux clients, une table	https://rapido-software.s3.eu-west-3.amazonaws.com/rapidosoftware/cms/bibliotheque/FoodEatUp%20-%20Deux%20clients%2C%20une%20table%20%289x16%29.mp4	https://rapido-software.s3.eu-west-3.amazonaws.com/rapidosoftware/cms/bibliotheque/FoodEatUp%20-%20Deux%20clients%2C%20une%20table%20%28vignette%29.jpg	Deux clients, une table\n\nFoodEatUp — une infinité de solutions pour gérer votre restaurant. Essai gratuit, sans carte bancaire.\n\nL'événement de la semaine : masterclass « IA et restaurant : comment la mettre en place ? », vendredi 12 septembre à 10 h, en direct sur LinkedIn. Gratuit, avec le replay pour les inscrits.\nInscription et ajout à votre agenda : https://calendar.app.google/wttUFqbCt42VvZWcA\nWhatsApp : https://wa.me/33614189225 (06 14 18 92 25)\nMa carte de visite : https://carte.foodeatup.com/michael\nComposer votre devis : https://site.foodeatup.com/creer-mon-devis\n\n#restaurant #restauration #logicielrestaurant #HACCP #IA #FoodEatUp
2026-09-13T18:30:00+02:00	Onze appels manqués	https://rapido-software.s3.eu-west-3.amazonaws.com/rapidosoftware/cms/bibliotheque/FoodEatUp%20-%20Onze%20appels%20manqu%C3%A9s%20%289x16%29.mp4	https://rapido-software.s3.eu-west-3.amazonaws.com/rapidosoftware/cms/bibliotheque/FoodEatUp%20-%20Onze%20appels%20manqu%C3%A9s%20%28vignette%29.jpg	Onze appels manqués\n\nFoodEatUp — une infinité de solutions pour gérer votre restaurant. Essai gratuit, sans carte bancaire.\n\nL'événement de la semaine : masterclass « IA et restaurant : comment la mettre en place ? », vendredi 12 septembre à 10 h, en direct sur LinkedIn. Gratuit, avec le replay pour les inscrits.\nInscription et ajout à votre agenda : https://calendar.app.google/wttUFqbCt42VvZWcA\nWhatsApp : https://wa.me/33614189225 (06 14 18 92 25)\nMa carte de visite : https://carte.foodeatup.com/michael\nComposer votre devis : https://site.foodeatup.com/creer-mon-devis\n\n#restaurant #restauration #logicielrestaurant #HACCP #IA #FoodEatUp
2026-09-14T09:00:00+02:00	Une table de douze	https://rapido-software.s3.eu-west-3.amazonaws.com/rapidosoftware/cms/bibliotheque/FoodEatUp%20-%20Une%20table%20de%20douze%20%289x16%29.mp4	https://rapido-software.s3.eu-west-3.amazonaws.com/rapidosoftware/cms/bibliotheque/FoodEatUp%20-%20Une%20table%20de%20douze%20%28vignette%29.jpg	Une table de douze\n\nFoodEatUp — une infinité de solutions pour gérer votre restaurant. Essai gratuit, sans carte bancaire.\n\nL'événement de la semaine : masterclass « IA et restaurant : comment la mettre en place ? », vendredi 12 septembre à 10 h, en direct sur LinkedIn. Gratuit, avec le replay pour les inscrits.\nInscription et ajout à votre agenda : https://calendar.app.google/wttUFqbCt42VvZWcA\nWhatsApp : https://wa.me/33614189225 (06 14 18 92 25)\nMa carte de visite : https://carte.foodeatup.com/michael\nComposer votre devis : https://site.foodeatup.com/creer-mon-devis\n\n#restaurant #restauration #logicielrestaurant #HACCP #IA #FoodEatUp
2026-09-14T13:00:00+02:00	Le ticket Z	https://rapido-software.s3.eu-west-3.amazonaws.com/rapidosoftware/cms/bibliotheque/FoodEatUp%20-%20Le%20ticket%20Z%20%289x16%29.mp4	https://rapido-software.s3.eu-west-3.amazonaws.com/rapidosoftware/cms/bibliotheque/FoodEatUp%20-%20Le%20ticket%20Z%20%28vignette%29.jpg	Le ticket Z\n\nFoodEatUp — une infinité de solutions pour gérer votre restaurant. Essai gratuit, sans carte bancaire.\n\nL'événement de la semaine : masterclass « IA et restaurant : comment la mettre en place ? », vendredi 12 septembre à 10 h, en direct sur LinkedIn. Gratuit, avec le replay pour les inscrits.\nInscription et ajout à votre agenda : https://calendar.app.google/wttUFqbCt42VvZWcA\nWhatsApp : https://wa.me/33614189225 (06 14 18 92 25)\nMa carte de visite : https://carte.foodeatup.com/michael\nComposer votre devis : https://site.foodeatup.com/creer-mon-devis\n\n#restaurant #restauration #logicielrestaurant #HACCP #IA #FoodEatUp
2026-09-14T18:30:00+02:00	La boîte à chaussures	https://rapido-software.s3.eu-west-3.amazonaws.com/rapidosoftware/cms/bibliotheque/FoodEatUp%20-%20La%20bo%C3%AEte%20%C3%A0%20chaussures%20%289x16%29.mp4	https://rapido-software.s3.eu-west-3.amazonaws.com/rapidosoftware/cms/bibliotheque/FoodEatUp%20-%20La%20bo%C3%AEte%20%C3%A0%20chaussures%20%28vignette%29.jpg	La boîte à chaussures\n\nFoodEatUp — une infinité de solutions pour gérer votre restaurant. Essai gratuit, sans carte bancaire.\n\nL'événement de la semaine : masterclass « IA et restaurant : comment la mettre en place ? », vendredi 12 septembre à 10 h, en direct sur LinkedIn. Gratuit, avec le replay pour les inscrits.\nInscription et ajout à votre agenda : https://calendar.app.google/wttUFqbCt42VvZWcA\nWhatsApp : https://wa.me/33614189225 (06 14 18 92 25)\nMa carte de visite : https://carte.foodeatup.com/michael\nComposer votre devis : https://site.foodeatup.com/creer-mon-devis\n\n#restaurant #restauration #logicielrestaurant #HACCP #IA #FoodEatUp
2026-09-15T09:00:00+02:00	Deux euros par assiette	https://rapido-software.s3.eu-west-3.amazonaws.com/rapidosoftware/cms/bibliotheque/FoodEatUp%20-%20Deux%20euros%20par%20assiette%20%289x16%29.mp4	https://rapido-software.s3.eu-west-3.amazonaws.com/rapidosoftware/cms/bibliotheque/FoodEatUp%20-%20Deux%20euros%20par%20assiette%20%28vignette%29.jpg	Deux euros par assiette\n\nFoodEatUp — une infinité de solutions pour gérer votre restaurant. Essai gratuit, sans carte bancaire.\n\nL'événement de la semaine : masterclass « IA et restaurant : comment la mettre en place ? », vendredi 12 septembre à 10 h, en direct sur LinkedIn. Gratuit, avec le replay pour les inscrits.\nInscription et ajout à votre agenda : https://calendar.app.google/wttUFqbCt42VvZWcA\nWhatsApp : https://wa.me/33614189225 (06 14 18 92 25)\nMa carte de visite : https://carte.foodeatup.com/michael\nComposer votre devis : https://site.foodeatup.com/creer-mon-devis\n\n#restaurant #restauration #logicielrestaurant #HACCP #IA #FoodEatUp
2026-09-15T13:00:00+02:00	La rupture du samedi	https://rapido-software.s3.eu-west-3.amazonaws.com/rapidosoftware/cms/bibliotheque/FoodEatUp%20-%20La%20rupture%20du%20samedi%20%289x16%29.mp4	https://rapido-software.s3.eu-west-3.amazonaws.com/rapidosoftware/cms/bibliotheque/FoodEatUp%20-%20La%20rupture%20du%20samedi%20%28vignette%29.jpg	La rupture du samedi\n\nFoodEatUp — une infinité de solutions pour gérer votre restaurant. Essai gratuit, sans carte bancaire.\n\nL'événement de la semaine : masterclass « IA et restaurant : comment la mettre en place ? », vendredi 12 septembre à 10 h, en direct sur LinkedIn. Gratuit, avec le replay pour les inscrits.\nInscription et ajout à votre agenda : https://calendar.app.google/wttUFqbCt42VvZWcA\nWhatsApp : https://wa.me/33614189225 (06 14 18 92 25)\nMa carte de visite : https://carte.foodeatup.com/michael\nComposer votre devis : https://site.foodeatup.com/creer-mon-devis\n\n#restaurant #restauration #logicielrestaurant #HACCP #IA #FoodEatUp
2026-09-15T18:30:00+02:00	Trois comptages	https://rapido-software.s3.eu-west-3.amazonaws.com/rapidosoftware/cms/bibliotheque/FoodEatUp%20-%20Trois%20comptages%20%289x16%29.mp4	https://rapido-software.s3.eu-west-3.amazonaws.com/rapidosoftware/cms/bibliotheque/FoodEatUp%20-%20Trois%20comptages%20%28vignette%29.jpg	Trois comptages\n\nFoodEatUp — une infinité de solutions pour gérer votre restaurant. Essai gratuit, sans carte bancaire.\n\nL'événement de la semaine : masterclass « IA et restaurant : comment la mettre en place ? », vendredi 12 septembre à 10 h, en direct sur LinkedIn. Gratuit, avec le replay pour les inscrits.\nInscription et ajout à votre agenda : https://calendar.app.google/wttUFqbCt42VvZWcA\nWhatsApp : https://wa.me/33614189225 (06 14 18 92 25)\nMa carte de visite : https://carte.foodeatup.com/michael\nComposer votre devis : https://site.foodeatup.com/creer-mon-devis\n\n#restaurant #restauration #logicielrestaurant #HACCP #IA #FoodEatUp
2026-09-16T09:00:00+02:00	Dix palettes d'oignons	https://rapido-software.s3.eu-west-3.amazonaws.com/rapidosoftware/cms/bibliotheque/FoodEatUp%20-%20Dix%20palettes%20d%27oignons%20%289x16%29.mp4	https://rapido-software.s3.eu-west-3.amazonaws.com/rapidosoftware/cms/bibliotheque/FoodEatUp%20-%20Dix%20palettes%20d%27oignons%20%28vignette%29.jpg	Dix palettes d'oignons\n\nFoodEatUp — une infinité de solutions pour gérer votre restaurant. Essai gratuit, sans carte bancaire.\n\nL'événement de la semaine : masterclass « IA et restaurant : comment la mettre en place ? », vendredi 12 septembre à 10 h, en direct sur LinkedIn. Gratuit, avec le replay pour les inscrits.\nInscription et ajout à votre agenda : https://calendar.app.google/wttUFqbCt42VvZWcA\nWhatsApp : https://wa.me/33614189225 (06 14 18 92 25)\nMa carte de visite : https://carte.foodeatup.com/michael\nComposer votre devis : https://site.foodeatup.com/creer-mon-devis\n\n#restaurant #restauration #logicielrestaurant #HACCP #IA #FoodEatUp
2026-09-16T13:00:00+02:00	La réception dans le froid	https://rapido-software.s3.eu-west-3.amazonaws.com/rapidosoftware/cms/bibliotheque/FoodEatUp%20-%20La%20r%C3%A9ception%20dans%20le%20froid%20%289x16%29.mp4	https://rapido-software.s3.eu-west-3.amazonaws.com/rapidosoftware/cms/bibliotheque/FoodEatUp%20-%20La%20r%C3%A9ception%20dans%20le%20froid%20%28vignette%29.jpg	La réception dans le froid\n\nFoodEatUp — une infinité de solutions pour gérer votre restaurant. Essai gratuit, sans carte bancaire.\n\nL'événement de la semaine : masterclass « IA et restaurant : comment la mettre en place ? », vendredi 12 septembre à 10 h, en direct sur LinkedIn. Gratuit, avec le replay pour les inscrits.\nInscription et ajout à votre agenda : https://calendar.app.google/wttUFqbCt42VvZWcA\nWhatsApp : https://wa.me/33614189225 (06 14 18 92 25)\nMa carte de visite : https://carte.foodeatup.com/michael\nComposer votre devis : https://site.foodeatup.com/creer-mon-devis\n\n#restaurant #restauration #logicielrestaurant #HACCP #IA #FoodEatUp
2026-09-16T18:30:00+02:00	La date du bac	https://rapido-software.s3.eu-west-3.amazonaws.com/rapidosoftware/cms/bibliotheque/FoodEatUp%20-%20La%20date%20du%20bac%20%289x16%29.mp4	https://rapido-software.s3.eu-west-3.amazonaws.com/rapidosoftware/cms/bibliotheque/FoodEatUp%20-%20La%20date%20du%20bac%20%28vignette%29.jpg	La date du bac\n\nFoodEatUp — une infinité de solutions pour gérer votre restaurant. Essai gratuit, sans carte bancaire.\n\nL'événement de la semaine : masterclass « IA et restaurant : comment la mettre en place ? », vendredi 12 septembre à 10 h, en direct sur LinkedIn. Gratuit, avec le replay pour les inscrits.\nInscription et ajout à votre agenda : https://calendar.app.google/wttUFqbCt42VvZWcA\nWhatsApp : https://wa.me/33614189225 (06 14 18 92 25)\nMa carte de visite : https://carte.foodeatup.com/michael\nComposer votre devis : https://site.foodeatup.com/creer-mon-devis\n\n#restaurant #restauration #logicielrestaurant #HACCP #IA #FoodEatUp
2026-09-17T09:00:00+02:00	Le post-it des températures	https://rapido-software.s3.eu-west-3.amazonaws.com/rapidosoftware/cms/bibliotheque/FoodEatUp%20-%20Le%20post-it%20des%20temp%C3%A9ratures%20%289x16%29.mp4	https://rapido-software.s3.eu-west-3.amazonaws.com/rapidosoftware/cms/bibliotheque/FoodEatUp%20-%20Le%20post-it%20des%20temp%C3%A9ratures%20%28vignette%29.jpg	Le post-it des températures\n\nFoodEatUp — une infinité de solutions pour gérer votre restaurant. Essai gratuit, sans carte bancaire.\n\nL'événement de la semaine : masterclass « IA et restaurant : comment la mettre en place ? », vendredi 12 septembre à 10 h, en direct sur LinkedIn. Gratuit, avec le replay pour les inscrits.\nInscription et ajout à votre agenda : https://calendar.app.google/wttUFqbCt42VvZWcA\nWhatsApp : https://wa.me/33614189225 (06 14 18 92 25)\nMa carte de visite : https://carte.foodeatup.com/michael\nComposer votre devis : https://site.foodeatup.com/creer-mon-devis\n\n#restaurant #restauration #logicielrestaurant #HACCP #IA #FoodEatUp
2026-09-17T13:00:00+02:00	Mardi, onze heures	https://rapido-software.s3.eu-west-3.amazonaws.com/rapidosoftware/cms/bibliotheque/FoodEatUp%20-%20Mardi%2C%20onze%20heures%20%289x16%29.mp4	https://rapido-software.s3.eu-west-3.amazonaws.com/rapidosoftware/cms/bibliotheque/FoodEatUp%20-%20Mardi%2C%20onze%20heures%20%28vignette%29.jpg	Mardi, onze heures\n\nFoodEatUp — une infinité de solutions pour gérer votre restaurant. Essai gratuit, sans carte bancaire.\n\nL'événement de la semaine : masterclass « IA et restaurant : comment la mettre en place ? », vendredi 12 septembre à 10 h, en direct sur LinkedIn. Gratuit, avec le replay pour les inscrits.\nInscription et ajout à votre agenda : https://calendar.app.google/wttUFqbCt42VvZWcA\nWhatsApp : https://wa.me/33614189225 (06 14 18 92 25)\nMa carte de visite : https://carte.foodeatup.com/michael\nComposer votre devis : https://site.foodeatup.com/creer-mon-devis\n\n#restaurant #restauration #logicielrestaurant #HACCP #IA #FoodEatUp
2026-09-17T18:30:00+02:00	Remonter un lot	https://rapido-software.s3.eu-west-3.amazonaws.com/rapidosoftware/cms/bibliotheque/FoodEatUp%20-%20Remonter%20un%20lot%20%289x16%29.mp4	https://rapido-software.s3.eu-west-3.amazonaws.com/rapidosoftware/cms/bibliotheque/FoodEatUp%20-%20Remonter%20un%20lot%20%28vignette%29.jpg	Remonter un lot\n\nFoodEatUp — une infinité de solutions pour gérer votre restaurant. Essai gratuit, sans carte bancaire.\n\nL'événement de la semaine : masterclass « IA et restaurant : comment la mettre en place ? », vendredi 12 septembre à 10 h, en direct sur LinkedIn. Gratuit, avec le replay pour les inscrits.\nInscription et ajout à votre agenda : https://calendar.app.google/wttUFqbCt42VvZWcA\nWhatsApp : https://wa.me/33614189225 (06 14 18 92 25)\nMa carte de visite : https://carte.foodeatup.com/michael\nComposer votre devis : https://site.foodeatup.com/creer-mon-devis\n\n#restaurant #restauration #logicielrestaurant #HACCP #IA #FoodEatUp
2026-09-18T09:00:00+02:00	Qui a nettoyé la hotte ?	https://rapido-software.s3.eu-west-3.amazonaws.com/rapidosoftware/cms/bibliotheque/FoodEatUp%20-%20Qui%20a%20nettoy%C3%A9%20la%20hotte%20%3F%20%289x16%29.mp4	https://rapido-software.s3.eu-west-3.amazonaws.com/rapidosoftware/cms/bibliotheque/FoodEatUp%20-%20Qui%20a%20nettoy%C3%A9%20la%20hotte%20%3F%20%28vignette%29.jpg	Qui a nettoyé la hotte ?\n\nFoodEatUp — une infinité de solutions pour gérer votre restaurant. Essai gratuit, sans carte bancaire.\n\nL'événement de la semaine : masterclass « IA et restaurant : comment la mettre en place ? », vendredi 12 septembre à 10 h, en direct sur LinkedIn. Gratuit, avec le replay pour les inscrits.\nInscription et ajout à votre agenda : https://calendar.app.google/wttUFqbCt42VvZWcA\nWhatsApp : https://wa.me/33614189225 (06 14 18 92 25)\nMa carte de visite : https://carte.foodeatup.com/michael\nComposer votre devis : https://site.foodeatup.com/creer-mon-devis\n\n#restaurant #restauration #logicielrestaurant #HACCP #IA #FoodEatUp
2026-09-18T13:00:00+02:00	L'allergie oubliée	https://rapido-software.s3.eu-west-3.amazonaws.com/rapidosoftware/cms/bibliotheque/FoodEatUp%20-%20L%27allergie%20oubli%C3%A9e%20%289x16%29.mp4	https://rapido-software.s3.eu-west-3.amazonaws.com/rapidosoftware/cms/bibliotheque/FoodEatUp%20-%20L%27allergie%20oubli%C3%A9e%20%28vignette%29.jpg	L'allergie oubliée\n\nFoodEatUp — une infinité de solutions pour gérer votre restaurant. Essai gratuit, sans carte bancaire.\n\nL'événement de la semaine : masterclass « IA et restaurant : comment la mettre en place ? », vendredi 12 septembre à 10 h, en direct sur LinkedIn. Gratuit, avec le replay pour les inscrits.\nInscription et ajout à votre agenda : https://calendar.app.google/wttUFqbCt42VvZWcA\nWhatsApp : https://wa.me/33614189225 (06 14 18 92 25)\nMa carte de visite : https://carte.foodeatup.com/michael\nComposer votre devis : https://site.foodeatup.com/creer-mon-devis\n\n#restaurant #restauration #logicielrestaurant #HACCP #IA #FoodEatUp
2026-09-18T18:30:00+02:00	Trois congés le même samedi	https://rapido-software.s3.eu-west-3.amazonaws.com/rapidosoftware/cms/bibliotheque/FoodEatUp%20-%20Trois%20cong%C3%A9s%20le%20m%C3%AAme%20samedi%20%289x16%29.mp4	https://rapido-software.s3.eu-west-3.amazonaws.com/rapidosoftware/cms/bibliotheque/FoodEatUp%20-%20Trois%20cong%C3%A9s%20le%20m%C3%AAme%20samedi%20%28vignette%29.jpg	Trois congés le même samedi\n\nFoodEatUp — une infinité de solutions pour gérer votre restaurant. Essai gratuit, sans carte bancaire.\n\nL'événement de la semaine : masterclass « IA et restaurant : comment la mettre en place ? », vendredi 12 septembre à 10 h, en direct sur LinkedIn. Gratuit, avec le replay pour les inscrits.\nInscription et ajout à votre agenda : https://calendar.app.google/wttUFqbCt42VvZWcA\nWhatsApp : https://wa.me/33614189225 (06 14 18 92 25)\nMa carte de visite : https://carte.foodeatup.com/michael\nComposer votre devis : https://site.foodeatup.com/creer-mon-devis\n\n#restaurant #restauration #logicielrestaurant #HACCP #IA #FoodEatUp
2026-09-19T09:00:00+02:00	Le cahier de pointage	https://rapido-software.s3.eu-west-3.amazonaws.com/rapidosoftware/cms/bibliotheque/FoodEatUp%20-%20Le%20cahier%20de%20pointage%20%289x16%29.mp4	https://rapido-software.s3.eu-west-3.amazonaws.com/rapidosoftware/cms/bibliotheque/FoodEatUp%20-%20Le%20cahier%20de%20pointage%20%28vignette%29.jpg	Le cahier de pointage\n\nFoodEatUp — une infinité de solutions pour gérer votre restaurant. Essai gratuit, sans carte bancaire.\n\nL'événement de la semaine : masterclass « IA et restaurant : comment la mettre en place ? », vendredi 12 septembre à 10 h, en direct sur LinkedIn. Gratuit, avec le replay pour les inscrits.\nInscription et ajout à votre agenda : https://calendar.app.google/wttUFqbCt42VvZWcA\nWhatsApp : https://wa.me/33614189225 (06 14 18 92 25)\nMa carte de visite : https://carte.foodeatup.com/michael\nComposer votre devis : https://site.foodeatup.com/creer-mon-devis\n\n#restaurant #restauration #logicielrestaurant #HACCP #IA #FoodEatUp
2026-09-19T13:00:00+02:00	La pile de CV	https://rapido-software.s3.eu-west-3.amazonaws.com/rapidosoftware/cms/bibliotheque/FoodEatUp%20-%20La%20pile%20de%20CV%20%289x16%29.mp4	https://rapido-software.s3.eu-west-3.amazonaws.com/rapidosoftware/cms/bibliotheque/FoodEatUp%20-%20La%20pile%20de%20CV%20%28vignette%29.jpg	La pile de CV\n\nFoodEatUp — une infinité de solutions pour gérer votre restaurant. Essai gratuit, sans carte bancaire.\n\nL'événement de la semaine : masterclass « IA et restaurant : comment la mettre en place ? », vendredi 12 septembre à 10 h, en direct sur LinkedIn. Gratuit, avec le replay pour les inscrits.\nInscription et ajout à votre agenda : https://calendar.app.google/wttUFqbCt42VvZWcA\nWhatsApp : https://wa.me/33614189225 (06 14 18 92 25)\nMa carte de visite : https://carte.foodeatup.com/michael\nComposer votre devis : https://site.foodeatup.com/creer-mon-devis\n\n#restaurant #restauration #logicielrestaurant #HACCP #IA #FoodEatUp
2026-09-19T18:30:00+02:00	Le ruban de tickets	https://rapido-software.s3.eu-west-3.amazonaws.com/rapidosoftware/cms/bibliotheque/FoodEatUp%20-%20Le%20ruban%20de%20tickets%20%289x16%29.mp4	https://rapido-software.s3.eu-west-3.amazonaws.com/rapidosoftware/cms/bibliotheque/FoodEatUp%20-%20Le%20ruban%20de%20tickets%20%28vignette%29.jpg	Le ruban de tickets\n\nFoodEatUp — une infinité de solutions pour gérer votre restaurant. Essai gratuit, sans carte bancaire.\n\nL'événement de la semaine : masterclass « IA et restaurant : comment la mettre en place ? », vendredi 12 septembre à 10 h, en direct sur LinkedIn. Gratuit, avec le replay pour les inscrits.\nInscription et ajout à votre agenda : https://calendar.app.google/wttUFqbCt42VvZWcA\nWhatsApp : https://wa.me/33614189225 (06 14 18 92 25)\nMa carte de visite : https://carte.foodeatup.com/michael\nComposer votre devis : https://site.foodeatup.com/creer-mon-devis\n\n#restaurant #restauration #logicielrestaurant #HACCP #IA #FoodEatUp
2026-09-20T09:00:00+02:00	La commande sur une serviette	https://rapido-software.s3.eu-west-3.amazonaws.com/rapidosoftware/cms/bibliotheque/FoodEatUp%20-%20La%20commande%20sur%20une%20serviette%20%289x16%29.mp4	https://rapido-software.s3.eu-west-3.amazonaws.com/rapidosoftware/cms/bibliotheque/FoodEatUp%20-%20La%20commande%20sur%20une%20serviette%20%28vignette%29.jpg	La commande sur une serviette\n\nFoodEatUp — une infinité de solutions pour gérer votre restaurant. Essai gratuit, sans carte bancaire.\n\nL'événement de la semaine : masterclass « IA et restaurant : comment la mettre en place ? », vendredi 12 septembre à 10 h, en direct sur LinkedIn. Gratuit, avec le replay pour les inscrits.\nInscription et ajout à votre agenda : https://calendar.app.google/wttUFqbCt42VvZWcA\nWhatsApp : https://wa.me/33614189225 (06 14 18 92 25)\nMa carte de visite : https://carte.foodeatup.com/michael\nComposer votre devis : https://site.foodeatup.com/creer-mon-devis\n\n#restaurant #restauration #logicielrestaurant #HACCP #IA #FoodEatUp
2026-09-20T13:00:00+02:00	Une étoile le soir	https://rapido-software.s3.eu-west-3.amazonaws.com/rapidosoftware/cms/bibliotheque/FoodEatUp%20-%20Une%20%C3%A9toile%20le%20soir%20%289x16%29.mp4	https://rapido-software.s3.eu-west-3.amazonaws.com/rapidosoftware/cms/bibliotheque/FoodEatUp%20-%20Une%20%C3%A9toile%20le%20soir%20%28vignette%29.jpg	Une étoile le soir\n\nFoodEatUp — une infinité de solutions pour gérer votre restaurant. Essai gratuit, sans carte bancaire.\n\nL'événement de la semaine : masterclass « IA et restaurant : comment la mettre en place ? », vendredi 12 septembre à 10 h, en direct sur LinkedIn. Gratuit, avec le replay pour les inscrits.\nInscription et ajout à votre agenda : https://calendar.app.google/wttUFqbCt42VvZWcA\nWhatsApp : https://wa.me/33614189225 (06 14 18 92 25)\nMa carte de visite : https://carte.foodeatup.com/michael\nComposer votre devis : https://site.foodeatup.com/creer-mon-devis\n\n#restaurant #restauration #logicielrestaurant #HACCP #IA #FoodEatUp
2026-09-20T18:30:00+02:00	« Comme d'habitude »	https://rapido-software.s3.eu-west-3.amazonaws.com/rapidosoftware/cms/bibliotheque/FoodEatUp%20-%20%C2%AB%20Comme%20d%27habitude%20%C2%BB%20%289x16%29.mp4	https://rapido-software.s3.eu-west-3.amazonaws.com/rapidosoftware/cms/bibliotheque/FoodEatUp%20-%20%C2%AB%20Comme%20d%27habitude%20%C2%BB%20%28vignette%29.jpg	« Comme d'habitude »\n\nFoodEatUp — une infinité de solutions pour gérer votre restaurant. Essai gratuit, sans carte bancaire.\n\nL'événement de la semaine : masterclass « IA et restaurant : comment la mettre en place ? », vendredi 12 septembre à 10 h, en direct sur LinkedIn. Gratuit, avec le replay pour les inscrits.\nInscription et ajout à votre agenda : https://calendar.app.google/wttUFqbCt42VvZWcA\nWhatsApp : https://wa.me/33614189225 (06 14 18 92 25)\nMa carte de visite : https://carte.foodeatup.com/michael\nComposer votre devis : https://site.foodeatup.com/creer-mon-devis\n\n#restaurant #restauration #logicielrestaurant #HACCP #IA #FoodEatUp
2026-09-21T09:00:00+02:00	La promo envoyée à la ville	https://rapido-software.s3.eu-west-3.amazonaws.com/rapidosoftware/cms/bibliotheque/FoodEatUp%20-%20La%20promo%20envoy%C3%A9e%20%C3%A0%20la%20ville%20%289x16%29.mp4	https://rapido-software.s3.eu-west-3.amazonaws.com/rapidosoftware/cms/bibliotheque/FoodEatUp%20-%20La%20promo%20envoy%C3%A9e%20%C3%A0%20la%20ville%20%28vignette%29.jpg	La promo envoyée à la ville\n\nFoodEatUp — une infinité de solutions pour gérer votre restaurant. Essai gratuit, sans carte bancaire.\n\nL'événement de la semaine : masterclass « IA et restaurant : comment la mettre en place ? », vendredi 12 septembre à 10 h, en direct sur LinkedIn. Gratuit, avec le replay pour les inscrits.\nInscription et ajout à votre agenda : https://calendar.app.google/wttUFqbCt42VvZWcA\nWhatsApp : https://wa.me/33614189225 (06 14 18 92 25)\nMa carte de visite : https://carte.foodeatup.com/michael\nComposer votre devis : https://site.foodeatup.com/creer-mon-devis\n\n#restaurant #restauration #logicielrestaurant #HACCP #IA #FoodEatUp
2026-09-21T13:00:00+02:00	Douze kilos qui périment	https://rapido-software.s3.eu-west-3.amazonaws.com/rapidosoftware/cms/bibliotheque/FoodEatUp%20-%20Douze%20kilos%20qui%20p%C3%A9riment%20%289x16%29.mp4	https://rapido-software.s3.eu-west-3.amazonaws.com/rapidosoftware/cms/bibliotheque/FoodEatUp%20-%20Douze%20kilos%20qui%20p%C3%A9riment%20%28vignette%29.jpg	Douze kilos qui périment\n\nFoodEatUp — une infinité de solutions pour gérer votre restaurant. Essai gratuit, sans carte bancaire.\n\nL'événement de la semaine : masterclass « IA et restaurant : comment la mettre en place ? », vendredi 12 septembre à 10 h, en direct sur LinkedIn. Gratuit, avec le replay pour les inscrits.\nInscription et ajout à votre agenda : https://calendar.app.google/wttUFqbCt42VvZWcA\nWhatsApp : https://wa.me/33614189225 (06 14 18 92 25)\nMa carte de visite : https://carte.foodeatup.com/michael\nComposer votre devis : https://site.foodeatup.com/creer-mon-devis\n\n#restaurant #restauration #logicielrestaurant #HACCP #IA #FoodEatUp
2026-09-21T18:30:00+02:00	La pizza froide	https://rapido-software.s3.eu-west-3.amazonaws.com/rapidosoftware/cms/bibliotheque/FoodEatUp%20-%20La%20pizza%20froide%20%289x16%29.mp4	https://rapido-software.s3.eu-west-3.amazonaws.com/rapidosoftware/cms/bibliotheque/FoodEatUp%20-%20La%20pizza%20froide%20%28vignette%29.jpg	La pizza froide\n\nFoodEatUp — une infinité de solutions pour gérer votre restaurant. Essai gratuit, sans carte bancaire.\n\nL'événement de la semaine : masterclass « IA et restaurant : comment la mettre en place ? », vendredi 12 septembre à 10 h, en direct sur LinkedIn. Gratuit, avec le replay pour les inscrits.\nInscription et ajout à votre agenda : https://calendar.app.google/wttUFqbCt42VvZWcA\nWhatsApp : https://wa.me/33614189225 (06 14 18 92 25)\nMa carte de visite : https://carte.foodeatup.com/michael\nComposer votre devis : https://site.foodeatup.com/creer-mon-devis\n\n#restaurant #restauration #logicielrestaurant #HACCP #IA #FoodEatUp
2026-09-22T09:00:00+02:00	Trente pour cent	https://rapido-software.s3.eu-west-3.amazonaws.com/rapidosoftware/cms/bibliotheque/FoodEatUp%20-%20Trente%20pour%20cent%20%289x16%29.mp4	https://rapido-software.s3.eu-west-3.amazonaws.com/rapidosoftware/cms/bibliotheque/FoodEatUp%20-%20Trente%20pour%20cent%20%28vignette%29.jpg	Trente pour cent\n\nFoodEatUp — une infinité de solutions pour gérer votre restaurant. Essai gratuit, sans carte bancaire.\n\nL'événement de la semaine : masterclass « IA et restaurant : comment la mettre en place ? », vendredi 12 septembre à 10 h, en direct sur LinkedIn. Gratuit, avec le replay pour les inscrits.\nInscription et ajout à votre agenda : https://calendar.app.google/wttUFqbCt42VvZWcA\nWhatsApp : https://wa.me/33614189225 (06 14 18 92 25)\nMa carte de visite : https://carte.foodeatup.com/michael\nComposer votre devis : https://site.foodeatup.com/creer-mon-devis\n\n#restaurant #restauration #logicielrestaurant #HACCP #IA #FoodEatUp
2026-09-22T13:00:00+02:00	Quarante clients trempés	https://rapido-software.s3.eu-west-3.amazonaws.com/rapidosoftware/cms/bibliotheque/FoodEatUp%20-%20Quarante%20clients%20tremp%C3%A9s%20%289x16%29.mp4	https://rapido-software.s3.eu-west-3.amazonaws.com/rapidosoftware/cms/bibliotheque/FoodEatUp%20-%20Quarante%20clients%20tremp%C3%A9s%20%28vignette%29.jpg	Quarante clients trempés\n\nFoodEatUp — une infinité de solutions pour gérer votre restaurant. Essai gratuit, sans carte bancaire.\n\nL'événement de la semaine : masterclass « IA et restaurant : comment la mettre en place ? », vendredi 12 septembre à 10 h, en direct sur LinkedIn. Gratuit, avec le replay pour les inscrits.\nInscription et ajout à votre agenda : https://calendar.app.google/wttUFqbCt42VvZWcA\nWhatsApp : https://wa.me/33614189225 (06 14 18 92 25)\nMa carte de visite : https://carte.foodeatup.com/michael\nComposer votre devis : https://site.foodeatup.com/creer-mon-devis\n\n#restaurant #restauration #logicielrestaurant #HACCP #IA #FoodEatUp
2026-09-22T18:30:00+02:00	Sept onglets ouverts	https://rapido-software.s3.eu-west-3.amazonaws.com/rapidosoftware/cms/bibliotheque/FoodEatUp%20-%20Sept%20onglets%20ouverts%20%289x16%29.mp4	https://rapido-software.s3.eu-west-3.amazonaws.com/rapidosoftware/cms/bibliotheque/FoodEatUp%20-%20Sept%20onglets%20ouverts%20%28vignette%29.jpg	Sept onglets ouverts\n\nFoodEatUp — une infinité de solutions pour gérer votre restaurant. Essai gratuit, sans carte bancaire.\n\nL'événement de la semaine : masterclass « IA et restaurant : comment la mettre en place ? », vendredi 12 septembre à 10 h, en direct sur LinkedIn. Gratuit, avec le replay pour les inscrits.\nInscription et ajout à votre agenda : https://calendar.app.google/wttUFqbCt42VvZWcA\nWhatsApp : https://wa.me/33614189225 (06 14 18 92 25)\nMa carte de visite : https://carte.foodeatup.com/michael\nComposer votre devis : https://site.foodeatup.com/creer-mon-devis\n\n#restaurant #restauration #logicielrestaurant #HACCP #IA #FoodEatUp
2026-09-23T09:00:00+02:00	Le rush	https://rapido-software.s3.eu-west-3.amazonaws.com/rapidosoftware/cms/bibliotheque/FoodEatUp%20-%20Le%20rush%20%289x16%29.mp4	https://rapido-software.s3.eu-west-3.amazonaws.com/rapidosoftware/cms/bibliotheque/FoodEatUp%20-%20Le%20rush%20%28vignette%29.jpg	Le rush\n\nFoodEatUp — une infinité de solutions pour gérer votre restaurant. Essai gratuit, sans carte bancaire.\n\nL'événement de la semaine : masterclass « IA et restaurant : comment la mettre en place ? », vendredi 12 septembre à 10 h, en direct sur LinkedIn. Gratuit, avec le replay pour les inscrits.\nInscription et ajout à votre agenda : https://calendar.app.google/wttUFqbCt42VvZWcA\nWhatsApp : https://wa.me/33614189225 (06 14 18 92 25)\nMa carte de visite : https://carte.foodeatup.com/michael\nComposer votre devis : https://site.foodeatup.com/creer-mon-devis\n\n#restaurant #restauration #logicielrestaurant #HACCP #IA #FoodEatUp
2026-09-23T13:00:00+02:00	L'aube	https://rapido-software.s3.eu-west-3.amazonaws.com/rapidosoftware/cms/bibliotheque/FoodEatUp%20-%20L%27aube%20%289x16%29.mp4	https://rapido-software.s3.eu-west-3.amazonaws.com/rapidosoftware/cms/bibliotheque/FoodEatUp%20-%20L%27aube%20%28vignette%29.jpg	L'aube\n\nFoodEatUp — une infinité de solutions pour gérer votre restaurant. Essai gratuit, sans carte bancaire.\n\nL'événement de la semaine : masterclass « IA et restaurant : comment la mettre en place ? », vendredi 12 septembre à 10 h, en direct sur LinkedIn. Gratuit, avec le replay pour les inscrits.\nInscription et ajout à votre agenda : https://calendar.app.google/wttUFqbCt42VvZWcA\nWhatsApp : https://wa.me/33614189225 (06 14 18 92 25)\nMa carte de visite : https://carte.foodeatup.com/michael\nComposer votre devis : https://site.foodeatup.com/creer-mon-devis\n\n#restaurant #restauration #logicielrestaurant #HACCP #IA #FoodEatUp
2026-09-23T18:30:00+02:00	La brigade	https://rapido-software.s3.eu-west-3.amazonaws.com/rapidosoftware/cms/bibliotheque/FoodEatUp%20-%20La%20brigade%20%289x16%29.mp4	https://rapido-software.s3.eu-west-3.amazonaws.com/rapidosoftware/cms/bibliotheque/FoodEatUp%20-%20La%20brigade%20%28vignette%29.jpg	La brigade\n\nFoodEatUp — une infinité de solutions pour gérer votre restaurant. Essai gratuit, sans carte bancaire.\n\nL'événement de la semaine : masterclass « IA et restaurant : comment la mettre en place ? », vendredi 12 septembre à 10 h, en direct sur LinkedIn. Gratuit, avec le replay pour les inscrits.\nInscription et ajout à votre agenda : https://calendar.app.google/wttUFqbCt42VvZWcA\nWhatsApp : https://wa.me/33614189225 (06 14 18 92 25)\nMa carte de visite : https://carte.foodeatup.com/michael\nComposer votre devis : https://site.foodeatup.com/creer-mon-devis\n\n#restaurant #restauration #logicielrestaurant #HACCP #IA #FoodEatUp
2026-09-24T09:00:00+02:00	L'infini	https://rapido-software.s3.eu-west-3.amazonaws.com/rapidosoftware/cms/bibliotheque/FoodEatUp%20-%20L%27infini%20%289x16%29.mp4	https://rapido-software.s3.eu-west-3.amazonaws.com/rapidosoftware/cms/bibliotheque/FoodEatUp%20-%20L%27infini%20%28vignette%29.jpg	L'infini\n\nFoodEatUp — une infinité de solutions pour gérer votre restaurant. Essai gratuit, sans carte bancaire.\n\nL'événement de la semaine : masterclass « IA et restaurant : comment la mettre en place ? », vendredi 12 septembre à 10 h, en direct sur LinkedIn. Gratuit, avec le replay pour les inscrits.\nInscription et ajout à votre agenda : https://calendar.app.google/wttUFqbCt42VvZWcA\nWhatsApp : https://wa.me/33614189225 (06 14 18 92 25)\nMa carte de visite : https://carte.foodeatup.com/michael\nComposer votre devis : https://site.foodeatup.com/creer-mon-devis\n\n#restaurant #restauration #logicielrestaurant #HACCP #IA #FoodEatUp
2026-09-24T13:00:00+02:00	La fermeture	https://rapido-software.s3.eu-west-3.amazonaws.com/rapidosoftware/cms/bibliotheque/FoodEatUp%20-%20La%20fermeture%20%289x16%29.mp4	https://rapido-software.s3.eu-west-3.amazonaws.com/rapidosoftware/cms/bibliotheque/FoodEatUp%20-%20La%20fermeture%20%28vignette%29.jpg	La fermeture\n\nFoodEatUp — une infinité de solutions pour gérer votre restaurant. Essai gratuit, sans carte bancaire.\n\nL'événement de la semaine : masterclass « IA et restaurant : comment la mettre en place ? », vendredi 12 septembre à 10 h, en direct sur LinkedIn. Gratuit, avec le replay pour les inscrits.\nInscription et ajout à votre agenda : https://calendar.app.google/wttUFqbCt42VvZWcA\nWhatsApp : https://wa.me/33614189225 (06 14 18 92 25)\nMa carte de visite : https://carte.foodeatup.com/michael\nComposer votre devis : https://site.foodeatup.com/creer-mon-devis\n\n#restaurant #restauration #logicielrestaurant #HACCP #IA #FoodEatUp
2026-09-24T18:30:00+02:00	La comédie	https://rapido-software.s3.eu-west-3.amazonaws.com/rapidosoftware/cms/bibliotheque/FoodEatUp%20-%20La%20com%C3%A9die%20%289x16%29.mp4	https://rapido-software.s3.eu-west-3.amazonaws.com/rapidosoftware/cms/bibliotheque/FoodEatUp%20-%20La%20com%C3%A9die%20%28vignette%29.jpg	La comédie\n\nFoodEatUp — une infinité de solutions pour gérer votre restaurant. Essai gratuit, sans carte bancaire.\n\nL'événement de la semaine : masterclass « IA et restaurant : comment la mettre en place ? », vendredi 12 septembre à 10 h, en direct sur LinkedIn. Gratuit, avec le replay pour les inscrits.\nInscription et ajout à votre agenda : https://calendar.app.google/wttUFqbCt42VvZWcA\nWhatsApp : https://wa.me/33614189225 (06 14 18 92 25)\nMa carte de visite : https://carte.foodeatup.com/michael\nComposer votre devis : https://site.foodeatup.com/creer-mon-devis\n\n#restaurant #restauration #logicielrestaurant #HACCP #IA #FoodEatUp
2026-09-25T09:00:00+02:00	La table vide de 20 h	https://rapido-software.s3.eu-west-3.amazonaws.com/rapidosoftware/cms/bibliotheque/FoodEatUp%20-%20La%20table%20vide%20de%2020%20h%20%289x16%29.mp4	https://rapido-software.s3.eu-west-3.amazonaws.com/rapidosoftware/cms/bibliotheque/FoodEatUp%20-%20La%20table%20vide%20de%2020%20h%20%28vignette%29.jpg	La table vide de 20 h\n\nFoodEatUp — une infinité de solutions pour gérer votre restaurant. Essai gratuit, sans carte bancaire.\n\nL'événement de la semaine : masterclass « IA et restaurant : comment la mettre en place ? », vendredi 12 septembre à 10 h, en direct sur LinkedIn. Gratuit, avec le replay pour les inscrits.\nInscription et ajout à votre agenda : https://calendar.app.google/wttUFqbCt42VvZWcA\nWhatsApp : https://wa.me/33614189225 (06 14 18 92 25)\nMa carte de visite : https://carte.foodeatup.com/michael\nComposer votre devis : https://site.foodeatup.com/creer-mon-devis\n\n#restaurant #restauration #logicielrestaurant #HACCP #IA #FoodEatUp
2026-09-25T13:00:00+02:00	La file sur le trottoir	https://rapido-software.s3.eu-west-3.amazonaws.com/rapidosoftware/cms/bibliotheque/FoodEatUp%20-%20La%20file%20sur%20le%20trottoir%20%289x16%29.mp4	https://rapido-software.s3.eu-west-3.amazonaws.com/rapidosoftware/cms/bibliotheque/FoodEatUp%20-%20La%20file%20sur%20le%20trottoir%20%28vignette%29.jpg	La file sur le trottoir\n\nFoodEatUp — une infinité de solutions pour gérer votre restaurant. Essai gratuit, sans carte bancaire.\n\nL'événement de la semaine : masterclass « IA et restaurant : comment la mettre en place ? », vendredi 12 septembre à 10 h, en direct sur LinkedIn. Gratuit, avec le replay pour les inscrits.\nInscription et ajout à votre agenda : https://calendar.app.google/wttUFqbCt42VvZWcA\nWhatsApp : https://wa.me/33614189225 (06 14 18 92 25)\nMa carte de visite : https://carte.foodeatup.com/michael\nComposer votre devis : https://site.foodeatup.com/creer-mon-devis\n\n#restaurant #restauration #logicielrestaurant #HACCP #IA #FoodEatUp
2026-09-25T18:30:00+02:00	La table qui ne tourne pas	https://rapido-software.s3.eu-west-3.amazonaws.com/rapidosoftware/cms/bibliotheque/FoodEatUp%20-%20La%20table%20qui%20ne%20tourne%20pas%20%289x16%29.mp4	https://rapido-software.s3.eu-west-3.amazonaws.com/rapidosoftware/cms/bibliotheque/FoodEatUp%20-%20La%20table%20qui%20ne%20tourne%20pas%20%28vignette%29.jpg	La table qui ne tourne pas\n\nFoodEatUp — une infinité de solutions pour gérer votre restaurant. Essai gratuit, sans carte bancaire.\n\nL'événement de la semaine : masterclass « IA et restaurant : comment la mettre en place ? », vendredi 12 septembre à 10 h, en direct sur LinkedIn. Gratuit, avec le replay pour les inscrits.\nInscription et ajout à votre agenda : https://calendar.app.google/wttUFqbCt42VvZWcA\nWhatsApp : https://wa.me/33614189225 (06 14 18 92 25)\nMa carte de visite : https://carte.foodeatup.com/michael\nComposer votre devis : https://site.foodeatup.com/creer-mon-devis\n\n#restaurant #restauration #logicielrestaurant #HACCP #IA #FoodEatUp
2026-09-26T09:00:00+02:00	L'annulation de la veille	https://rapido-software.s3.eu-west-3.amazonaws.com/rapidosoftware/cms/bibliotheque/FoodEatUp%20-%20L%27annulation%20de%20la%20veille%20%289x16%29.mp4	https://rapido-software.s3.eu-west-3.amazonaws.com/rapidosoftware/cms/bibliotheque/FoodEatUp%20-%20L%27annulation%20de%20la%20veille%20%28vignette%29.jpg	L'annulation de la veille\n\nFoodEatUp — une infinité de solutions pour gérer votre restaurant. Essai gratuit, sans carte bancaire.\n\nL'événement de la semaine : masterclass « IA et restaurant : comment la mettre en place ? », vendredi 12 septembre à 10 h, en direct sur LinkedIn. Gratuit, avec le replay pour les inscrits.\nInscription et ajout à votre agenda : https://calendar.app.google/wttUFqbCt42VvZWcA\nWhatsApp : https://wa.me/33614189225 (06 14 18 92 25)\nMa carte de visite : https://carte.foodeatup.com/michael\nComposer votre devis : https://site.foodeatup.com/creer-mon-devis\n\n#restaurant #restauration #logicielrestaurant #HACCP #IA #FoodEatUp
2026-09-26T13:00:00+02:00	Le mariage de septembre	https://rapido-software.s3.eu-west-3.amazonaws.com/rapidosoftware/cms/bibliotheque/FoodEatUp%20-%20Le%20mariage%20de%20septembre%20%289x16%29.mp4	https://rapido-software.s3.eu-west-3.amazonaws.com/rapidosoftware/cms/bibliotheque/FoodEatUp%20-%20Le%20mariage%20de%20septembre%20%28vignette%29.jpg	Le mariage de septembre\n\nFoodEatUp — une infinité de solutions pour gérer votre restaurant. Essai gratuit, sans carte bancaire.\n\nL'événement de la semaine : masterclass « IA et restaurant : comment la mettre en place ? », vendredi 12 septembre à 10 h, en direct sur LinkedIn. Gratuit, avec le replay pour les inscrits.\nInscription et ajout à votre agenda : https://calendar.app.google/wttUFqbCt42VvZWcA\nWhatsApp : https://wa.me/33614189225 (06 14 18 92 25)\nMa carte de visite : https://carte.foodeatup.com/michael\nComposer votre devis : https://site.foodeatup.com/creer-mon-devis\n\n#restaurant #restauration #logicielrestaurant #HACCP #IA #FoodEatUp
2026-09-26T18:30:00+02:00	Trente couverts d'entreprise	https://rapido-software.s3.eu-west-3.amazonaws.com/rapidosoftware/cms/bibliotheque/FoodEatUp%20-%20Trente%20couverts%20d%27entreprise%20%289x16%29.mp4	https://rapido-software.s3.eu-west-3.amazonaws.com/rapidosoftware/cms/bibliotheque/FoodEatUp%20-%20Trente%20couverts%20d%27entreprise%20%28vignette%29.jpg	Trente couverts d'entreprise\n\nFoodEatUp — une infinité de solutions pour gérer votre restaurant. Essai gratuit, sans carte bancaire.\n\nL'événement de la semaine : masterclass « IA et restaurant : comment la mettre en place ? », vendredi 12 septembre à 10 h, en direct sur LinkedIn. Gratuit, avec le replay pour les inscrits.\nInscription et ajout à votre agenda : https://calendar.app.google/wttUFqbCt42VvZWcA\nWhatsApp : https://wa.me/33614189225 (06 14 18 92 25)\nMa carte de visite : https://carte.foodeatup.com/michael\nComposer votre devis : https://site.foodeatup.com/creer-mon-devis\n\n#restaurant #restauration #logicielrestaurant #HACCP #IA #FoodEatUp
2026-09-27T09:00:00+02:00	Le terminal qui ne parle pas à la caisse	https://rapido-software.s3.eu-west-3.amazonaws.com/rapidosoftware/cms/bibliotheque/FoodEatUp%20-%20Le%20terminal%20qui%20ne%20parle%20pas%20%C3%A0%20la%20caisse%20%289x16%29.mp4	https://rapido-software.s3.eu-west-3.amazonaws.com/rapidosoftware/cms/bibliotheque/FoodEatUp%20-%20Le%20terminal%20qui%20ne%20parle%20pas%20%C3%A0%20la%20caisse%20%28vignette%29.jpg	Le terminal qui ne parle pas à la caisse\n\nFoodEatUp — une infinité de solutions pour gérer votre restaurant. Essai gratuit, sans carte bancaire.\n\nL'événement de la semaine : masterclass « IA et restaurant : comment la mettre en place ? », vendredi 12 septembre à 10 h, en direct sur LinkedIn. Gratuit, avec le replay pour les inscrits.\nInscription et ajout à votre agenda : https://calendar.app.google/wttUFqbCt42VvZWcA\nWhatsApp : https://wa.me/33614189225 (06 14 18 92 25)\nMa carte de visite : https://carte.foodeatup.com/michael\nComposer votre devis : https://site.foodeatup.com/creer-mon-devis\n\n#restaurant #restauration #logicielrestaurant #HACCP #IA #FoodEatUp
2026-09-27T13:00:00+02:00	Le pourboire mal réparti	https://rapido-software.s3.eu-west-3.amazonaws.com/rapidosoftware/cms/bibliotheque/FoodEatUp%20-%20Le%20pourboire%20mal%20r%C3%A9parti%20%289x16%29.mp4	https://rapido-software.s3.eu-west-3.amazonaws.com/rapidosoftware/cms/bibliotheque/FoodEatUp%20-%20Le%20pourboire%20mal%20r%C3%A9parti%20%28vignette%29.jpg	Le pourboire mal réparti\n\nFoodEatUp — une infinité de solutions pour gérer votre restaurant. Essai gratuit, sans carte bancaire.\n\nL'événement de la semaine : masterclass « IA et restaurant : comment la mettre en place ? », vendredi 12 septembre à 10 h, en direct sur LinkedIn. Gratuit, avec le replay pour les inscrits.\nInscription et ajout à votre agenda : https://calendar.app.google/wttUFqbCt42VvZWcA\nWhatsApp : https://wa.me/33614189225 (06 14 18 92 25)\nMa carte de visite : https://carte.foodeatup.com/michael\nComposer votre devis : https://site.foodeatup.com/creer-mon-devis\n\n#restaurant #restauration #logicielrestaurant #HACCP #IA #FoodEatUp
2026-09-27T18:30:00+02:00	Trois taux de TVA	https://rapido-software.s3.eu-west-3.amazonaws.com/rapidosoftware/cms/bibliotheque/FoodEatUp%20-%20Trois%20taux%20de%20TVA%20%289x16%29.mp4	https://rapido-software.s3.eu-west-3.amazonaws.com/rapidosoftware/cms/bibliotheque/FoodEatUp%20-%20Trois%20taux%20de%20TVA%20%28vignette%29.jpg	Trois taux de TVA\n\nFoodEatUp — une infinité de solutions pour gérer votre restaurant. Essai gratuit, sans carte bancaire.\n\nL'événement de la semaine : masterclass « IA et restaurant : comment la mettre en place ? », vendredi 12 septembre à 10 h, en direct sur LinkedIn. Gratuit, avec le replay pour les inscrits.\nInscription et ajout à votre agenda : https://calendar.app.google/wttUFqbCt42VvZWcA\nWhatsApp : https://wa.me/33614189225 (06 14 18 92 25)\nMa carte de visite : https://carte.foodeatup.com/michael\nComposer votre devis : https://site.foodeatup.com/creer-mon-devis\n\n#restaurant #restauration #logicielrestaurant #HACCP #IA #FoodEatUp
2026-09-28T09:00:00+02:00	La marge qu'on ne voit pas	https://rapido-software.s3.eu-west-3.amazonaws.com/rapidosoftware/cms/bibliotheque/FoodEatUp%20-%20La%20marge%20qu%27on%20ne%20voit%20pas%20%289x16%29.mp4	https://rapido-software.s3.eu-west-3.amazonaws.com/rapidosoftware/cms/bibliotheque/FoodEatUp%20-%20La%20marge%20qu%27on%20ne%20voit%20pas%20%28vignette%29.jpg	La marge qu'on ne voit pas\n\nFoodEatUp — une infinité de solutions pour gérer votre restaurant. Essai gratuit, sans carte bancaire.\n\nL'événement de la semaine : masterclass « IA et restaurant : comment la mettre en place ? », vendredi 12 septembre à 10 h, en direct sur LinkedIn. Gratuit, avec le replay pour les inscrits.\nInscription et ajout à votre agenda : https://calendar.app.google/wttUFqbCt42VvZWcA\nWhatsApp : https://wa.me/33614189225 (06 14 18 92 25)\nMa carte de visite : https://carte.foodeatup.com/michael\nComposer votre devis : https://site.foodeatup.com/creer-mon-devis\n\n#restaurant #restauration #logicielrestaurant #HACCP #IA #FoodEatUp
2026-09-28T13:00:00+02:00	Le ticket moyen en baisse	https://rapido-software.s3.eu-west-3.amazonaws.com/rapidosoftware/cms/bibliotheque/FoodEatUp%20-%20Le%20ticket%20moyen%20en%20baisse%20%289x16%29.mp4	https://rapido-software.s3.eu-west-3.amazonaws.com/rapidosoftware/cms/bibliotheque/FoodEatUp%20-%20Le%20ticket%20moyen%20en%20baisse%20%28vignette%29.jpg	Le ticket moyen en baisse\n\nFoodEatUp — une infinité de solutions pour gérer votre restaurant. Essai gratuit, sans carte bancaire.\n\nL'événement de la semaine : masterclass « IA et restaurant : comment la mettre en place ? », vendredi 12 septembre à 10 h, en direct sur LinkedIn. Gratuit, avec le replay pour les inscrits.\nInscription et ajout à votre agenda : https://calendar.app.google/wttUFqbCt42VvZWcA\nWhatsApp : https://wa.me/33614189225 (06 14 18 92 25)\nMa carte de visite : https://carte.foodeatup.com/michael\nComposer votre devis : https://site.foodeatup.com/creer-mon-devis\n\n#restaurant #restauration #logicielrestaurant #HACCP #IA #FoodEatUp
2026-09-28T18:30:00+02:00	Les notes de frais du dimanche	https://rapido-software.s3.eu-west-3.amazonaws.com/rapidosoftware/cms/bibliotheque/FoodEatUp%20-%20Les%20notes%20de%20frais%20du%20dimanche%20%289x16%29.mp4	https://rapido-software.s3.eu-west-3.amazonaws.com/rapidosoftware/cms/bibliotheque/FoodEatUp%20-%20Les%20notes%20de%20frais%20du%20dimanche%20%28vignette%29.jpg	Les notes de frais du dimanche\n\nFoodEatUp — une infinité de solutions pour gérer votre restaurant. Essai gratuit, sans carte bancaire.\n\nL'événement de la semaine : masterclass « IA et restaurant : comment la mettre en place ? », vendredi 12 septembre à 10 h, en direct sur LinkedIn. Gratuit, avec le replay pour les inscrits.\nInscription et ajout à votre agenda : https://calendar.app.google/wttUFqbCt42VvZWcA\nWhatsApp : https://wa.me/33614189225 (06 14 18 92 25)\nMa carte de visite : https://carte.foodeatup.com/michael\nComposer votre devis : https://site.foodeatup.com/creer-mon-devis\n\n#restaurant #restauration #logicielrestaurant #HACCP #IA #FoodEatUp
2026-09-29T09:00:00+02:00	Le beurre qui a doublé	https://rapido-software.s3.eu-west-3.amazonaws.com/rapidosoftware/cms/bibliotheque/FoodEatUp%20-%20Le%20beurre%20qui%20a%20doubl%C3%A9%20%289x16%29.mp4	https://rapido-software.s3.eu-west-3.amazonaws.com/rapidosoftware/cms/bibliotheque/FoodEatUp%20-%20Le%20beurre%20qui%20a%20doubl%C3%A9%20%28vignette%29.jpg	Le beurre qui a doublé\n\nFoodEatUp — une infinité de solutions pour gérer votre restaurant. Essai gratuit, sans carte bancaire.\n\nL'événement de la semaine : masterclass « IA et restaurant : comment la mettre en place ? », vendredi 12 septembre à 10 h, en direct sur LinkedIn. Gratuit, avec le replay pour les inscrits.\nInscription et ajout à votre agenda : https://calendar.app.google/wttUFqbCt42VvZWcA\nWhatsApp : https://wa.me/33614189225 (06 14 18 92 25)\nMa carte de visite : https://carte.foodeatup.com/michael\nComposer votre devis : https://site.foodeatup.com/creer-mon-devis\n\n#restaurant #restauration #logicielrestaurant #HACCP #IA #FoodEatUp
2026-09-29T13:00:00+02:00	Deux fournisseurs, un produit	https://rapido-software.s3.eu-west-3.amazonaws.com/rapidosoftware/cms/bibliotheque/FoodEatUp%20-%20Deux%20fournisseurs%2C%20un%20produit%20%289x16%29.mp4	https://rapido-software.s3.eu-west-3.amazonaws.com/rapidosoftware/cms/bibliotheque/FoodEatUp%20-%20Deux%20fournisseurs%2C%20un%20produit%20%28vignette%29.jpg	Deux fournisseurs, un produit\n\nFoodEatUp — une infinité de solutions pour gérer votre restaurant. Essai gratuit, sans carte bancaire.\n\nL'événement de la semaine : masterclass « IA et restaurant : comment la mettre en place ? », vendredi 12 septembre à 10 h, en direct sur LinkedIn. Gratuit, avec le replay pour les inscrits.\nInscription et ajout à votre agenda : https://calendar.app.google/wttUFqbCt42VvZWcA\nWhatsApp : https://wa.me/33614189225 (06 14 18 92 25)\nMa carte de visite : https://carte.foodeatup.com/michael\nComposer votre devis : https://site.foodeatup.com/creer-mon-devis\n\n#restaurant #restauration #logicielrestaurant #HACCP #IA #FoodEatUp
2026-09-29T18:30:00+02:00	Le carton tombé	https://rapido-software.s3.eu-west-3.amazonaws.com/rapidosoftware/cms/bibliotheque/FoodEatUp%20-%20Le%20carton%20tomb%C3%A9%20%289x16%29.mp4	https://rapido-software.s3.eu-west-3.amazonaws.com/rapidosoftware/cms/bibliotheque/FoodEatUp%20-%20Le%20carton%20tomb%C3%A9%20%28vignette%29.jpg	Le carton tombé\n\nFoodEatUp — une infinité de solutions pour gérer votre restaurant. Essai gratuit, sans carte bancaire.\n\nL'événement de la semaine : masterclass « IA et restaurant : comment la mettre en place ? », vendredi 12 septembre à 10 h, en direct sur LinkedIn. Gratuit, avec le replay pour les inscrits.\nInscription et ajout à votre agenda : https://calendar.app.google/wttUFqbCt42VvZWcA\nWhatsApp : https://wa.me/33614189225 (06 14 18 92 25)\nMa carte de visite : https://carte.foodeatup.com/michael\nComposer votre devis : https://site.foodeatup.com/creer-mon-devis\n\n#restaurant #restauration #logicielrestaurant #HACCP #IA #FoodEatUp
2026-09-30T09:00:00+02:00	L'inventaire du dimanche soir	https://rapido-software.s3.eu-west-3.amazonaws.com/rapidosoftware/cms/bibliotheque/FoodEatUp%20-%20L%27inventaire%20du%20dimanche%20soir%20%289x16%29.mp4	https://rapido-software.s3.eu-west-3.amazonaws.com/rapidosoftware/cms/bibliotheque/FoodEatUp%20-%20L%27inventaire%20du%20dimanche%20soir%20%28vignette%29.jpg	L'inventaire du dimanche soir\n\nFoodEatUp — une infinité de solutions pour gérer votre restaurant. Essai gratuit, sans carte bancaire.\n\nL'événement de la semaine : masterclass « IA et restaurant : comment la mettre en place ? », vendredi 12 septembre à 10 h, en direct sur LinkedIn. Gratuit, avec le replay pour les inscrits.\nInscription et ajout à votre agenda : https://calendar.app.google/wttUFqbCt42VvZWcA\nWhatsApp : https://wa.me/33614189225 (06 14 18 92 25)\nMa carte de visite : https://carte.foodeatup.com/michael\nComposer votre devis : https://site.foodeatup.com/creer-mon-devis\n\n#restaurant #restauration #logicielrestaurant #HACCP #IA #FoodEatUp
2026-09-30T13:00:00+02:00	La recette dans la tête du chef	https://rapido-software.s3.eu-west-3.amazonaws.com/rapidosoftware/cms/bibliotheque/FoodEatUp%20-%20La%20recette%20dans%20la%20t%C3%AAte%20du%20chef%20%289x16%29.mp4	https://rapido-software.s3.eu-west-3.amazonaws.com/rapidosoftware/cms/bibliotheque/FoodEatUp%20-%20La%20recette%20dans%20la%20t%C3%AAte%20du%20chef%20%28vignette%29.jpg	La recette dans la tête du chef\n\nFoodEatUp — une infinité de solutions pour gérer votre restaurant. Essai gratuit, sans carte bancaire.\n\nL'événement de la semaine : masterclass « IA et restaurant : comment la mettre en place ? », vendredi 12 septembre à 10 h, en direct sur LinkedIn. Gratuit, avec le replay pour les inscrits.\nInscription et ajout à votre agenda : https://calendar.app.google/wttUFqbCt42VvZWcA\nWhatsApp : https://wa.me/33614189225 (06 14 18 92 25)\nMa carte de visite : https://carte.foodeatup.com/michael\nComposer votre devis : https://site.foodeatup.com/creer-mon-devis\n\n#restaurant #restauration #logicielrestaurant #HACCP #IA #FoodEatUp
2026-09-30T18:30:00+02:00	La production du lendemain	https://rapido-software.s3.eu-west-3.amazonaws.com/rapidosoftware/cms/bibliotheque/FoodEatUp%20-%20La%20production%20du%20lendemain%20%289x16%29.mp4	https://rapido-software.s3.eu-west-3.amazonaws.com/rapidosoftware/cms/bibliotheque/FoodEatUp%20-%20La%20production%20du%20lendemain%20%28vignette%29.jpg	La production du lendemain\n\nFoodEatUp — une infinité de solutions pour gérer votre restaurant. Essai gratuit, sans carte bancaire.\n\nL'événement de la semaine : masterclass « IA et restaurant : comment la mettre en place ? », vendredi 12 septembre à 10 h, en direct sur LinkedIn. Gratuit, avec le replay pour les inscrits.\nInscription et ajout à votre agenda : https://calendar.app.google/wttUFqbCt42VvZWcA\nWhatsApp : https://wa.me/33614189225 (06 14 18 92 25)\nMa carte de visite : https://carte.foodeatup.com/michael\nComposer votre devis : https://site.foodeatup.com/creer-mon-devis\n\n#restaurant #restauration #logicielrestaurant #HACCP #IA #FoodEatUp
2026-10-01T09:00:00+02:00	Les kilos et les pièces	https://rapido-software.s3.eu-west-3.amazonaws.com/rapidosoftware/cms/bibliotheque/FoodEatUp%20-%20Les%20kilos%20et%20les%20pi%C3%A8ces%20%289x16%29.mp4	https://rapido-software.s3.eu-west-3.amazonaws.com/rapidosoftware/cms/bibliotheque/FoodEatUp%20-%20Les%20kilos%20et%20les%20pi%C3%A8ces%20%28vignette%29.jpg	Les kilos et les pièces\n\nFoodEatUp — une infinité de solutions pour gérer votre restaurant. Essai gratuit, sans carte bancaire.\n\nL'événement de la semaine : masterclass « IA et restaurant : comment la mettre en place ? », vendredi 12 septembre à 10 h, en direct sur LinkedIn. Gratuit, avec le replay pour les inscrits.\nInscription et ajout à votre agenda : https://calendar.app.google/wttUFqbCt42VvZWcA\nWhatsApp : https://wa.me/33614189225 (06 14 18 92 25)\nMa carte de visite : https://carte.foodeatup.com/michael\nComposer votre devis : https://site.foodeatup.com/creer-mon-devis\n\n#restaurant #restauration #logicielrestaurant #HACCP #IA #FoodEatUp
2026-10-01T13:00:00+02:00	La cave qu'on ne compte plus	https://rapido-software.s3.eu-west-3.amazonaws.com/rapidosoftware/cms/bibliotheque/FoodEatUp%20-%20La%20cave%20qu%27on%20ne%20compte%20plus%20%289x16%29.mp4	https://rapido-software.s3.eu-west-3.amazonaws.com/rapidosoftware/cms/bibliotheque/FoodEatUp%20-%20La%20cave%20qu%27on%20ne%20compte%20plus%20%28vignette%29.jpg	La cave qu'on ne compte plus\n\nFoodEatUp — une infinité de solutions pour gérer votre restaurant. Essai gratuit, sans carte bancaire.\n\nL'événement de la semaine : masterclass « IA et restaurant : comment la mettre en place ? », vendredi 12 septembre à 10 h, en direct sur LinkedIn. Gratuit, avec le replay pour les inscrits.\nInscription et ajout à votre agenda : https://calendar.app.google/wttUFqbCt42VvZWcA\nWhatsApp : https://wa.me/33614189225 (06 14 18 92 25)\nMa carte de visite : https://carte.foodeatup.com/michael\nComposer votre devis : https://site.foodeatup.com/creer-mon-devis\n\n#restaurant #restauration #logicielrestaurant #HACCP #IA #FoodEatUp
2026-10-01T18:30:00+02:00	L'happy hour à la tête du client	https://rapido-software.s3.eu-west-3.amazonaws.com/rapidosoftware/cms/bibliotheque/FoodEatUp%20-%20L%27happy%20hour%20%C3%A0%20la%20t%C3%AAte%20du%20client%20%289x16%29.mp4	https://rapido-software.s3.eu-west-3.amazonaws.com/rapidosoftware/cms/bibliotheque/FoodEatUp%20-%20L%27happy%20hour%20%C3%A0%20la%20t%C3%AAte%20du%20client%20%28vignette%29.jpg	L'happy hour à la tête du client\n\nFoodEatUp — une infinité de solutions pour gérer votre restaurant. Essai gratuit, sans carte bancaire.\n\nL'événement de la semaine : masterclass « IA et restaurant : comment la mettre en place ? », vendredi 12 septembre à 10 h, en direct sur LinkedIn. Gratuit, avec le replay pour les inscrits.\nInscription et ajout à votre agenda : https://calendar.app.google/wttUFqbCt42VvZWcA\nWhatsApp : https://wa.me/33614189225 (06 14 18 92 25)\nMa carte de visite : https://carte.foodeatup.com/michael\nComposer votre devis : https://site.foodeatup.com/creer-mon-devis\n\n#restaurant #restauration #logicielrestaurant #HACCP #IA #FoodEatUp
2026-10-02T09:00:00+02:00	La carte tamponnée perdue	https://rapido-software.s3.eu-west-3.amazonaws.com/rapidosoftware/cms/bibliotheque/FoodEatUp%20-%20La%20carte%20tamponn%C3%A9e%20perdue%20%289x16%29.mp4	https://rapido-software.s3.eu-west-3.amazonaws.com/rapidosoftware/cms/bibliotheque/FoodEatUp%20-%20La%20carte%20tamponn%C3%A9e%20perdue%20%28vignette%29.jpg	La carte tamponnée perdue\n\nFoodEatUp — une infinité de solutions pour gérer votre restaurant. Essai gratuit, sans carte bancaire.\n\nL'événement de la semaine : masterclass « IA et restaurant : comment la mettre en place ? », vendredi 12 septembre à 10 h, en direct sur LinkedIn. Gratuit, avec le replay pour les inscrits.\nInscription et ajout à votre agenda : https://calendar.app.google/wttUFqbCt42VvZWcA\nWhatsApp : https://wa.me/33614189225 (06 14 18 92 25)\nMa carte de visite : https://carte.foodeatup.com/michael\nComposer votre devis : https://site.foodeatup.com/creer-mon-devis\n\n#restaurant #restauration #logicielrestaurant #HACCP #IA #FoodEatUp
2026-10-02T13:00:00+02:00	Le bon cadeau de Noël	https://rapido-software.s3.eu-west-3.amazonaws.com/rapidosoftware/cms/bibliotheque/FoodEatUp%20-%20Le%20bon%20cadeau%20de%20No%C3%ABl%20%289x16%29.mp4	https://rapido-software.s3.eu-west-3.amazonaws.com/rapidosoftware/cms/bibliotheque/FoodEatUp%20-%20Le%20bon%20cadeau%20de%20No%C3%ABl%20%28vignette%29.jpg	Le bon cadeau de Noël\n\nFoodEatUp — une infinité de solutions pour gérer votre restaurant. Essai gratuit, sans carte bancaire.\n\nL'événement de la semaine : masterclass « IA et restaurant : comment la mettre en place ? », vendredi 12 septembre à 10 h, en direct sur LinkedIn. Gratuit, avec le replay pour les inscrits.\nInscription et ajout à votre agenda : https://calendar.app.google/wttUFqbCt42VvZWcA\nWhatsApp : https://wa.me/33614189225 (06 14 18 92 25)\nMa carte de visite : https://carte.foodeatup.com/michael\nComposer votre devis : https://site.foodeatup.com/creer-mon-devis\n\n#restaurant #restauration #logicielrestaurant #HACCP #IA #FoodEatUp
2026-10-02T18:30:00+02:00	Le jeu concours sur un cahier	https://rapido-software.s3.eu-west-3.amazonaws.com/rapidosoftware/cms/bibliotheque/FoodEatUp%20-%20Le%20jeu%20concours%20sur%20un%20cahier%20%289x16%29.mp4	https://rapido-software.s3.eu-west-3.amazonaws.com/rapidosoftware/cms/bibliotheque/FoodEatUp%20-%20Le%20jeu%20concours%20sur%20un%20cahier%20%28vignette%29.jpg	Le jeu concours sur un cahier\n\nFoodEatUp — une infinité de solutions pour gérer votre restaurant. Essai gratuit, sans carte bancaire.\n\nL'événement de la semaine : masterclass « IA et restaurant : comment la mettre en place ? », vendredi 12 septembre à 10 h, en direct sur LinkedIn. Gratuit, avec le replay pour les inscrits.\nInscription et ajout à votre agenda : https://calendar.app.google/wttUFqbCt42VvZWcA\nWhatsApp : https://wa.me/33614189225 (06 14 18 92 25)\nMa carte de visite : https://carte.foodeatup.com/michael\nComposer votre devis : https://site.foodeatup.com/creer-mon-devis\n\n#restaurant #restauration #logicielrestaurant #HACCP #IA #FoodEatUp
2026-10-03T09:00:00+02:00	L'avis qu'on ne demande jamais	https://rapido-software.s3.eu-west-3.amazonaws.com/rapidosoftware/cms/bibliotheque/FoodEatUp%20-%20L%27avis%20qu%27on%20ne%20demande%20jamais%20%289x16%29.mp4	https://rapido-software.s3.eu-west-3.amazonaws.com/rapidosoftware/cms/bibliotheque/FoodEatUp%20-%20L%27avis%20qu%27on%20ne%20demande%20jamais%20%28vignette%29.jpg	L'avis qu'on ne demande jamais\n\nFoodEatUp — une infinité de solutions pour gérer votre restaurant. Essai gratuit, sans carte bancaire.\n\nL'événement de la semaine : masterclass « IA et restaurant : comment la mettre en place ? », vendredi 12 septembre à 10 h, en direct sur LinkedIn. Gratuit, avec le replay pour les inscrits.\nInscription et ajout à votre agenda : https://calendar.app.google/wttUFqbCt42VvZWcA\nWhatsApp : https://wa.me/33614189225 (06 14 18 92 25)\nMa carte de visite : https://carte.foodeatup.com/michael\nComposer votre devis : https://site.foodeatup.com/creer-mon-devis\n\n#restaurant #restauration #logicielrestaurant #HACCP #IA #FoodEatUp
2026-10-03T13:00:00+02:00	Le client qui n'est plus revenu	https://rapido-software.s3.eu-west-3.amazonaws.com/rapidosoftware/cms/bibliotheque/FoodEatUp%20-%20Le%20client%20qui%20n%27est%20plus%20revenu%20%289x16%29.mp4	https://rapido-software.s3.eu-west-3.amazonaws.com/rapidosoftware/cms/bibliotheque/FoodEatUp%20-%20Le%20client%20qui%20n%27est%20plus%20revenu%20%28vignette%29.jpg	Le client qui n'est plus revenu\n\nFoodEatUp — une infinité de solutions pour gérer votre restaurant. Essai gratuit, sans carte bancaire.\n\nL'événement de la semaine : masterclass « IA et restaurant : comment la mettre en place ? », vendredi 12 septembre à 10 h, en direct sur LinkedIn. Gratuit, avec le replay pour les inscrits.\nInscription et ajout à votre agenda : https://calendar.app.google/wttUFqbCt42VvZWcA\nWhatsApp : https://wa.me/33614189225 (06 14 18 92 25)\nMa carte de visite : https://carte.foodeatup.com/michael\nComposer votre devis : https://site.foodeatup.com/creer-mon-devis\n\n#restaurant #restauration #logicielrestaurant #HACCP #IA #FoodEatUp
2026-10-03T18:30:00+02:00	La newsletter jamais envoyée	https://rapido-software.s3.eu-west-3.amazonaws.com/rapidosoftware/cms/bibliotheque/FoodEatUp%20-%20La%20newsletter%20jamais%20envoy%C3%A9e%20%289x16%29.mp4	https://rapido-software.s3.eu-west-3.amazonaws.com/rapidosoftware/cms/bibliotheque/FoodEatUp%20-%20La%20newsletter%20jamais%20envoy%C3%A9e%20%28vignette%29.jpg	La newsletter jamais envoyée\n\nFoodEatUp — une infinité de solutions pour gérer votre restaurant. Essai gratuit, sans carte bancaire.\n\nL'événement de la semaine : masterclass « IA et restaurant : comment la mettre en place ? », vendredi 12 septembre à 10 h, en direct sur LinkedIn. Gratuit, avec le replay pour les inscrits.\nInscription et ajout à votre agenda : https://calendar.app.google/wttUFqbCt42VvZWcA\nWhatsApp : https://wa.me/33614189225 (06 14 18 92 25)\nMa carte de visite : https://carte.foodeatup.com/michael\nComposer votre devis : https://site.foodeatup.com/creer-mon-devis\n\n#restaurant #restauration #logicielrestaurant #HACCP #IA #FoodEatUp
2026-10-04T09:00:00+02:00	Le message du midi	https://rapido-software.s3.eu-west-3.amazonaws.com/rapidosoftware/cms/bibliotheque/FoodEatUp%20-%20Le%20message%20du%20midi%20%289x16%29.mp4	https://rapido-software.s3.eu-west-3.amazonaws.com/rapidosoftware/cms/bibliotheque/FoodEatUp%20-%20Le%20message%20du%20midi%20%28vignette%29.jpg	Le message du midi\n\nFoodEatUp — une infinité de solutions pour gérer votre restaurant. Essai gratuit, sans carte bancaire.\n\nL'événement de la semaine : masterclass « IA et restaurant : comment la mettre en place ? », vendredi 12 septembre à 10 h, en direct sur LinkedIn. Gratuit, avec le replay pour les inscrits.\nInscription et ajout à votre agenda : https://calendar.app.google/wttUFqbCt42VvZWcA\nWhatsApp : https://wa.me/33614189225 (06 14 18 92 25)\nMa carte de visite : https://carte.foodeatup.com/michael\nComposer votre devis : https://site.foodeatup.com/creer-mon-devis\n\n#restaurant #restauration #logicielrestaurant #HACCP #IA #FoodEatUp
2026-10-04T13:00:00+02:00	Le site qui date de 2019	https://rapido-software.s3.eu-west-3.amazonaws.com/rapidosoftware/cms/bibliotheque/FoodEatUp%20-%20Le%20site%20qui%20date%20de%202019%20%289x16%29.mp4	https://rapido-software.s3.eu-west-3.amazonaws.com/rapidosoftware/cms/bibliotheque/FoodEatUp%20-%20Le%20site%20qui%20date%20de%202019%20%28vignette%29.jpg	Le site qui date de 2019\n\nFoodEatUp — une infinité de solutions pour gérer votre restaurant. Essai gratuit, sans carte bancaire.\n\nL'événement de la semaine : masterclass « IA et restaurant : comment la mettre en place ? », vendredi 12 septembre à 10 h, en direct sur LinkedIn. Gratuit, avec le replay pour les inscrits.\nInscription et ajout à votre agenda : https://calendar.app.google/wttUFqbCt42VvZWcA\nWhatsApp : https://wa.me/33614189225 (06 14 18 92 25)\nMa carte de visite : https://carte.foodeatup.com/michael\nComposer votre devis : https://site.foodeatup.com/creer-mon-devis\n\n#restaurant #restauration #logicielrestaurant #HACCP #IA #FoodEatUp
2026-10-04T18:30:00+02:00	La commande à emporter au téléphone	https://rapido-software.s3.eu-west-3.amazonaws.com/rapidosoftware/cms/bibliotheque/FoodEatUp%20-%20La%20commande%20%C3%A0%20emporter%20au%20t%C3%A9l%C3%A9phone%20%289x16%29.mp4	https://rapido-software.s3.eu-west-3.amazonaws.com/rapidosoftware/cms/bibliotheque/FoodEatUp%20-%20La%20commande%20%C3%A0%20emporter%20au%20t%C3%A9l%C3%A9phone%20%28vignette%29.jpg	La commande à emporter au téléphone\n\nFoodEatUp — une infinité de solutions pour gérer votre restaurant. Essai gratuit, sans carte bancaire.\n\nL'événement de la semaine : masterclass « IA et restaurant : comment la mettre en place ? », vendredi 12 septembre à 10 h, en direct sur LinkedIn. Gratuit, avec le replay pour les inscrits.\nInscription et ajout à votre agenda : https://calendar.app.google/wttUFqbCt42VvZWcA\nWhatsApp : https://wa.me/33614189225 (06 14 18 92 25)\nMa carte de visite : https://carte.foodeatup.com/michael\nComposer votre devis : https://site.foodeatup.com/creer-mon-devis\n\n#restaurant #restauration #logicielrestaurant #HACCP #IA #FoodEatUp
2026-10-05T09:00:00+02:00	La carte plastifiée collante	https://rapido-software.s3.eu-west-3.amazonaws.com/rapidosoftware/cms/bibliotheque/FoodEatUp%20-%20La%20carte%20plastifi%C3%A9e%20collante%20%289x16%29.mp4	https://rapido-software.s3.eu-west-3.amazonaws.com/rapidosoftware/cms/bibliotheque/FoodEatUp%20-%20La%20carte%20plastifi%C3%A9e%20collante%20%28vignette%29.jpg	La carte plastifiée collante\n\nFoodEatUp — une infinité de solutions pour gérer votre restaurant. Essai gratuit, sans carte bancaire.\n\nL'événement de la semaine : masterclass « IA et restaurant : comment la mettre en place ? », vendredi 12 septembre à 10 h, en direct sur LinkedIn. Gratuit, avec le replay pour les inscrits.\nInscription et ajout à votre agenda : https://calendar.app.google/wttUFqbCt42VvZWcA\nWhatsApp : https://wa.me/33614189225 (06 14 18 92 25)\nMa carte de visite : https://carte.foodeatup.com/michael\nComposer votre devis : https://site.foodeatup.com/creer-mon-devis\n\n#restaurant #restauration #logicielrestaurant #HACCP #IA #FoodEatUp
2026-10-05T13:00:00+02:00	Le plat sans photo	https://rapido-software.s3.eu-west-3.amazonaws.com/rapidosoftware/cms/bibliotheque/FoodEatUp%20-%20Le%20plat%20sans%20photo%20%289x16%29.mp4	https://rapido-software.s3.eu-west-3.amazonaws.com/rapidosoftware/cms/bibliotheque/FoodEatUp%20-%20Le%20plat%20sans%20photo%20%28vignette%29.jpg	Le plat sans photo\n\nFoodEatUp — une infinité de solutions pour gérer votre restaurant. Essai gratuit, sans carte bancaire.\n\nL'événement de la semaine : masterclass « IA et restaurant : comment la mettre en place ? », vendredi 12 septembre à 10 h, en direct sur LinkedIn. Gratuit, avec le replay pour les inscrits.\nInscription et ajout à votre agenda : https://calendar.app.google/wttUFqbCt42VvZWcA\nWhatsApp : https://wa.me/33614189225 (06 14 18 92 25)\nMa carte de visite : https://carte.foodeatup.com/michael\nComposer votre devis : https://site.foodeatup.com/creer-mon-devis\n\n#restaurant #restauration #logicielrestaurant #HACCP #IA #FoodEatUp
2026-10-05T18:30:00+02:00	Le plat plus disponible	https://rapido-software.s3.eu-west-3.amazonaws.com/rapidosoftware/cms/bibliotheque/FoodEatUp%20-%20Le%20plat%20plus%20disponible%20%289x16%29.mp4	https://rapido-software.s3.eu-west-3.amazonaws.com/rapidosoftware/cms/bibliotheque/FoodEatUp%20-%20Le%20plat%20plus%20disponible%20%28vignette%29.jpg	Le plat plus disponible\n\nFoodEatUp — une infinité de solutions pour gérer votre restaurant. Essai gratuit, sans carte bancaire.\n\nL'événement de la semaine : masterclass « IA et restaurant : comment la mettre en place ? », vendredi 12 septembre à 10 h, en direct sur LinkedIn. Gratuit, avec le replay pour les inscrits.\nInscription et ajout à votre agenda : https://calendar.app.google/wttUFqbCt42VvZWcA\nWhatsApp : https://wa.me/33614189225 (06 14 18 92 25)\nMa carte de visite : https://carte.foodeatup.com/michael\nComposer votre devis : https://site.foodeatup.com/creer-mon-devis\n\n#restaurant #restauration #logicielrestaurant #HACCP #IA #FoodEatUp
2026-10-06T09:00:00+02:00	Le sans gluten qui ne l'est pas	https://rapido-software.s3.eu-west-3.amazonaws.com/rapidosoftware/cms/bibliotheque/FoodEatUp%20-%20Le%20sans%20gluten%20qui%20ne%20l%27est%20pas%20%289x16%29.mp4	https://rapido-software.s3.eu-west-3.amazonaws.com/rapidosoftware/cms/bibliotheque/FoodEatUp%20-%20Le%20sans%20gluten%20qui%20ne%20l%27est%20pas%20%28vignette%29.jpg	Le sans gluten qui ne l'est pas\n\nFoodEatUp — une infinité de solutions pour gérer votre restaurant. Essai gratuit, sans carte bancaire.\n\nL'événement de la semaine : masterclass « IA et restaurant : comment la mettre en place ? », vendredi 12 septembre à 10 h, en direct sur LinkedIn. Gratuit, avec le replay pour les inscrits.\nInscription et ajout à votre agenda : https://calendar.app.google/wttUFqbCt42VvZWcA\nWhatsApp : https://wa.me/33614189225 (06 14 18 92 25)\nMa carte de visite : https://carte.foodeatup.com/michael\nComposer votre devis : https://site.foodeatup.com/creer-mon-devis\n\n#restaurant #restauration #logicielrestaurant #HACCP #IA #FoodEatUp
2026-10-06T13:00:00+02:00	Le rapport de la DDPP	https://rapido-software.s3.eu-west-3.amazonaws.com/rapidosoftware/cms/bibliotheque/FoodEatUp%20-%20Le%20rapport%20de%20la%20DDPP%20%289x16%29.mp4	https://rapido-software.s3.eu-west-3.amazonaws.com/rapidosoftware/cms/bibliotheque/FoodEatUp%20-%20Le%20rapport%20de%20la%20DDPP%20%28vignette%29.jpg	Le rapport de la DDPP\n\nFoodEatUp — une infinité de solutions pour gérer votre restaurant. Essai gratuit, sans carte bancaire.\n\nL'événement de la semaine : masterclass « IA et restaurant : comment la mettre en place ? », vendredi 12 septembre à 10 h, en direct sur LinkedIn. Gratuit, avec le replay pour les inscrits.\nInscription et ajout à votre agenda : https://calendar.app.google/wttUFqbCt42VvZWcA\nWhatsApp : https://wa.me/33614189225 (06 14 18 92 25)\nMa carte de visite : https://carte.foodeatup.com/michael\nComposer votre devis : https://site.foodeatup.com/creer-mon-devis\n\n#restaurant #restauration #logicielrestaurant #HACCP #IA #FoodEatUp
2026-10-06T18:30:00+02:00	L'huile de friture	https://rapido-software.s3.eu-west-3.amazonaws.com/rapidosoftware/cms/bibliotheque/FoodEatUp%20-%20L%27huile%20de%20friture%20%289x16%29.mp4	https://rapido-software.s3.eu-west-3.amazonaws.com/rapidosoftware/cms/bibliotheque/FoodEatUp%20-%20L%27huile%20de%20friture%20%28vignette%29.jpg	L'huile de friture\n\nFoodEatUp — une infinité de solutions pour gérer votre restaurant. Essai gratuit, sans carte bancaire.\n\nL'événement de la semaine : masterclass « IA et restaurant : comment la mettre en place ? », vendredi 12 septembre à 10 h, en direct sur LinkedIn. Gratuit, avec le replay pour les inscrits.\nInscription et ajout à votre agenda : https://calendar.app.google/wttUFqbCt42VvZWcA\nWhatsApp : https://wa.me/33614189225 (06 14 18 92 25)\nMa carte de visite : https://carte.foodeatup.com/michael\nComposer votre devis : https://site.foodeatup.com/creer-mon-devis\n\n#restaurant #restauration #logicielrestaurant #HACCP #IA #FoodEatUp
2026-10-07T09:00:00+02:00	La chambre froide qui monte	https://rapido-software.s3.eu-west-3.amazonaws.com/rapidosoftware/cms/bibliotheque/FoodEatUp%20-%20La%20chambre%20froide%20qui%20monte%20%289x16%29.mp4	https://rapido-software.s3.eu-west-3.amazonaws.com/rapidosoftware/cms/bibliotheque/FoodEatUp%20-%20La%20chambre%20froide%20qui%20monte%20%28vignette%29.jpg	La chambre froide qui monte\n\nFoodEatUp — une infinité de solutions pour gérer votre restaurant. Essai gratuit, sans carte bancaire.\n\nL'événement de la semaine : masterclass « IA et restaurant : comment la mettre en place ? », vendredi 12 septembre à 10 h, en direct sur LinkedIn. Gratuit, avec le replay pour les inscrits.\nInscription et ajout à votre agenda : https://calendar.app.google/wttUFqbCt42VvZWcA\nWhatsApp : https://wa.me/33614189225 (06 14 18 92 25)\nMa carte de visite : https://carte.foodeatup.com/michael\nComposer votre devis : https://site.foodeatup.com/creer-mon-devis\n\n#restaurant #restauration #logicielrestaurant #HACCP #IA #FoodEatUp
2026-10-07T13:00:00+02:00	La livraison non conforme	https://rapido-software.s3.eu-west-3.amazonaws.com/rapidosoftware/cms/bibliotheque/FoodEatUp%20-%20La%20livraison%20non%20conforme%20%289x16%29.mp4	https://rapido-software.s3.eu-west-3.amazonaws.com/rapidosoftware/cms/bibliotheque/FoodEatUp%20-%20La%20livraison%20non%20conforme%20%28vignette%29.jpg	La livraison non conforme\n\nFoodEatUp — une infinité de solutions pour gérer votre restaurant. Essai gratuit, sans carte bancaire.\n\nL'événement de la semaine : masterclass « IA et restaurant : comment la mettre en place ? », vendredi 12 septembre à 10 h, en direct sur LinkedIn. Gratuit, avec le replay pour les inscrits.\nInscription et ajout à votre agenda : https://calendar.app.google/wttUFqbCt42VvZWcA\nWhatsApp : https://wa.me/33614189225 (06 14 18 92 25)\nMa carte de visite : https://carte.foodeatup.com/michael\nComposer votre devis : https://site.foodeatup.com/creer-mon-devis\n\n#restaurant #restauration #logicielrestaurant #HACCP #IA #FoodEatUp
2026-10-07T18:30:00+02:00	Le contrat jamais signé	https://rapido-software.s3.eu-west-3.amazonaws.com/rapidosoftware/cms/bibliotheque/FoodEatUp%20-%20Le%20contrat%20jamais%20sign%C3%A9%20%289x16%29.mp4	https://rapido-software.s3.eu-west-3.amazonaws.com/rapidosoftware/cms/bibliotheque/FoodEatUp%20-%20Le%20contrat%20jamais%20sign%C3%A9%20%28vignette%29.jpg	Le contrat jamais signé\n\nFoodEatUp — une infinité de solutions pour gérer votre restaurant. Essai gratuit, sans carte bancaire.\n\nL'événement de la semaine : masterclass « IA et restaurant : comment la mettre en place ? », vendredi 12 septembre à 10 h, en direct sur LinkedIn. Gratuit, avec le replay pour les inscrits.\nInscription et ajout à votre agenda : https://calendar.app.google/wttUFqbCt42VvZWcA\nWhatsApp : https://wa.me/33614189225 (06 14 18 92 25)\nMa carte de visite : https://carte.foodeatup.com/michael\nComposer votre devis : https://site.foodeatup.com/creer-mon-devis\n\n#restaurant #restauration #logicielrestaurant #HACCP #IA #FoodEatUp
2026-10-08T09:00:00+02:00	La carte de séjour expirée	https://rapido-software.s3.eu-west-3.amazonaws.com/rapidosoftware/cms/bibliotheque/FoodEatUp%20-%20La%20carte%20de%20s%C3%A9jour%20expir%C3%A9e%20%289x16%29.mp4	https://rapido-software.s3.eu-west-3.amazonaws.com/rapidosoftware/cms/bibliotheque/FoodEatUp%20-%20La%20carte%20de%20s%C3%A9jour%20expir%C3%A9e%20%28vignette%29.jpg	La carte de séjour expirée\n\nFoodEatUp — une infinité de solutions pour gérer votre restaurant. Essai gratuit, sans carte bancaire.\n\nL'événement de la semaine : masterclass « IA et restaurant : comment la mettre en place ? », vendredi 12 septembre à 10 h, en direct sur LinkedIn. Gratuit, avec le replay pour les inscrits.\nInscription et ajout à votre agenda : https://calendar.app.google/wttUFqbCt42VvZWcA\nWhatsApp : https://wa.me/33614189225 (06 14 18 92 25)\nMa carte de visite : https://carte.foodeatup.com/michael\nComposer votre devis : https://site.foodeatup.com/creer-mon-devis\n\n#restaurant #restauration #logicielrestaurant #HACCP #IA #FoodEatUp
2026-10-08T13:00:00+02:00	Le congé accordé deux fois	https://rapido-software.s3.eu-west-3.amazonaws.com/rapidosoftware/cms/bibliotheque/FoodEatUp%20-%20Le%20cong%C3%A9%20accord%C3%A9%20deux%20fois%20%289x16%29.mp4	https://rapido-software.s3.eu-west-3.amazonaws.com/rapidosoftware/cms/bibliotheque/FoodEatUp%20-%20Le%20cong%C3%A9%20accord%C3%A9%20deux%20fois%20%28vignette%29.jpg	Le congé accordé deux fois\n\nFoodEatUp — une infinité de solutions pour gérer votre restaurant. Essai gratuit, sans carte bancaire.\n\nL'événement de la semaine : masterclass « IA et restaurant : comment la mettre en place ? », vendredi 12 septembre à 10 h, en direct sur LinkedIn. Gratuit, avec le replay pour les inscrits.\nInscription et ajout à votre agenda : https://calendar.app.google/wttUFqbCt42VvZWcA\nWhatsApp : https://wa.me/33614189225 (06 14 18 92 25)\nMa carte de visite : https://carte.foodeatup.com/michael\nComposer votre devis : https://site.foodeatup.com/creer-mon-devis\n\n#restaurant #restauration #logicielrestaurant #HACCP #IA #FoodEatUp
2026-10-08T18:30:00+02:00	Les heures qui débordent	https://rapido-software.s3.eu-west-3.amazonaws.com/rapidosoftware/cms/bibliotheque/FoodEatUp%20-%20Les%20heures%20qui%20d%C3%A9bordent%20%289x16%29.mp4	https://rapido-software.s3.eu-west-3.amazonaws.com/rapidosoftware/cms/bibliotheque/FoodEatUp%20-%20Les%20heures%20qui%20d%C3%A9bordent%20%28vignette%29.jpg	Les heures qui débordent\n\nFoodEatUp — une infinité de solutions pour gérer votre restaurant. Essai gratuit, sans carte bancaire.\n\nL'événement de la semaine : masterclass « IA et restaurant : comment la mettre en place ? », vendredi 12 septembre à 10 h, en direct sur LinkedIn. Gratuit, avec le replay pour les inscrits.\nInscription et ajout à votre agenda : https://calendar.app.google/wttUFqbCt42VvZWcA\nWhatsApp : https://wa.me/33614189225 (06 14 18 92 25)\nMa carte de visite : https://carte.foodeatup.com/michael\nComposer votre devis : https://site.foodeatup.com/creer-mon-devis\n\n#restaurant #restauration #logicielrestaurant #HACCP #IA #FoodEatUp
2026-10-09T09:00:00+02:00	Le premier jour de l'extra	https://rapido-software.s3.eu-west-3.amazonaws.com/rapidosoftware/cms/bibliotheque/FoodEatUp%20-%20Le%20premier%20jour%20de%20l%27extra%20%289x16%29.mp4	https://rapido-software.s3.eu-west-3.amazonaws.com/rapidosoftware/cms/bibliotheque/FoodEatUp%20-%20Le%20premier%20jour%20de%20l%27extra%20%28vignette%29.jpg	Le premier jour de l'extra\n\nFoodEatUp — une infinité de solutions pour gérer votre restaurant. Essai gratuit, sans carte bancaire.\n\nL'événement de la semaine : masterclass « IA et restaurant : comment la mettre en place ? », vendredi 12 septembre à 10 h, en direct sur LinkedIn. Gratuit, avec le replay pour les inscrits.\nInscription et ajout à votre agenda : https://calendar.app.google/wttUFqbCt42VvZWcA\nWhatsApp : https://wa.me/33614189225 (06 14 18 92 25)\nMa carte de visite : https://carte.foodeatup.com/michael\nComposer votre devis : https://site.foodeatup.com/creer-mon-devis\n\n#restaurant #restauration #logicielrestaurant #HACCP #IA #FoodEatUp
2026-10-09T13:00:00+02:00	La formation qu'on repousse	https://rapido-software.s3.eu-west-3.amazonaws.com/rapidosoftware/cms/bibliotheque/FoodEatUp%20-%20La%20formation%20qu%27on%20repousse%20%289x16%29.mp4	https://rapido-software.s3.eu-west-3.amazonaws.com/rapidosoftware/cms/bibliotheque/FoodEatUp%20-%20La%20formation%20qu%27on%20repousse%20%28vignette%29.jpg	La formation qu'on repousse\n\nFoodEatUp — une infinité de solutions pour gérer votre restaurant. Essai gratuit, sans carte bancaire.\n\nL'événement de la semaine : masterclass « IA et restaurant : comment la mettre en place ? », vendredi 12 septembre à 10 h, en direct sur LinkedIn. Gratuit, avec le replay pour les inscrits.\nInscription et ajout à votre agenda : https://calendar.app.google/wttUFqbCt42VvZWcA\nWhatsApp : https://wa.me/33614189225 (06 14 18 92 25)\nMa carte de visite : https://carte.foodeatup.com/michael\nComposer votre devis : https://site.foodeatup.com/creer-mon-devis\n\n#restaurant #restauration #logicielrestaurant #HACCP #IA #FoodEatUp
2026-10-09T18:30:00+02:00	La ligne toujours occupée	https://rapido-software.s3.eu-west-3.amazonaws.com/rapidosoftware/cms/bibliotheque/FoodEatUp%20-%20La%20ligne%20toujours%20occup%C3%A9e%20%289x16%29.mp4	https://rapido-software.s3.eu-west-3.amazonaws.com/rapidosoftware/cms/bibliotheque/FoodEatUp%20-%20La%20ligne%20toujours%20occup%C3%A9e%20%28vignette%29.jpg	La ligne toujours occupée\n\nFoodEatUp — une infinité de solutions pour gérer votre restaurant. Essai gratuit, sans carte bancaire.\n\nL'événement de la semaine : masterclass « IA et restaurant : comment la mettre en place ? », vendredi 12 septembre à 10 h, en direct sur LinkedIn. Gratuit, avec le replay pour les inscrits.\nInscription et ajout à votre agenda : https://calendar.app.google/wttUFqbCt42VvZWcA\nWhatsApp : https://wa.me/33614189225 (06 14 18 92 25)\nMa carte de visite : https://carte.foodeatup.com/michael\nComposer votre devis : https://site.foodeatup.com/creer-mon-devis\n\n#restaurant #restauration #logicielrestaurant #HACCP #IA #FoodEatUp
2026-10-10T09:00:00+02:00	Les mains prises	https://rapido-software.s3.eu-west-3.amazonaws.com/rapidosoftware/cms/bibliotheque/FoodEatUp%20-%20Les%20mains%20prises%20%289x16%29.mp4	https://rapido-software.s3.eu-west-3.amazonaws.com/rapidosoftware/cms/bibliotheque/FoodEatUp%20-%20Les%20mains%20prises%20%28vignette%29.jpg	Les mains prises\n\nFoodEatUp — une infinité de solutions pour gérer votre restaurant. Essai gratuit, sans carte bancaire.\n\nL'événement de la semaine : masterclass « IA et restaurant : comment la mettre en place ? », vendredi 12 septembre à 10 h, en direct sur LinkedIn. Gratuit, avec le replay pour les inscrits.\nInscription et ajout à votre agenda : https://calendar.app.google/wttUFqbCt42VvZWcA\nWhatsApp : https://wa.me/33614189225 (06 14 18 92 25)\nMa carte de visite : https://carte.foodeatup.com/michael\nComposer votre devis : https://site.foodeatup.com/creer-mon-devis\n\n#restaurant #restauration #logicielrestaurant #HACCP #IA #FoodEatUp
2026-10-10T13:00:00+02:00	La nuit qui ne sert à rien	https://rapido-software.s3.eu-west-3.amazonaws.com/rapidosoftware/cms/bibliotheque/FoodEatUp%20-%20La%20nuit%20qui%20ne%20sert%20%C3%A0%20rien%20%289x16%29.mp4	https://rapido-software.s3.eu-west-3.amazonaws.com/rapidosoftware/cms/bibliotheque/FoodEatUp%20-%20La%20nuit%20qui%20ne%20sert%20%C3%A0%20rien%20%28vignette%29.jpg	La nuit qui ne sert à rien\n\nFoodEatUp — une infinité de solutions pour gérer votre restaurant. Essai gratuit, sans carte bancaire.\n\nL'événement de la semaine : masterclass « IA et restaurant : comment la mettre en place ? », vendredi 12 septembre à 10 h, en direct sur LinkedIn. Gratuit, avec le replay pour les inscrits.\nInscription et ajout à votre agenda : https://calendar.app.google/wttUFqbCt42VvZWcA\nWhatsApp : https://wa.me/33614189225 (06 14 18 92 25)\nMa carte de visite : https://carte.foodeatup.com/michael\nComposer votre devis : https://site.foodeatup.com/creer-mon-devis\n\n#restaurant #restauration #logicielrestaurant #HACCP #IA #FoodEatUp
2026-10-10T18:30:00+02:00	La page qui ne bouge plus	https://rapido-software.s3.eu-west-3.amazonaws.com/rapidosoftware/cms/bibliotheque/FoodEatUp%20-%20La%20page%20qui%20ne%20bouge%20plus%20%289x16%29.mp4	https://rapido-software.s3.eu-west-3.amazonaws.com/rapidosoftware/cms/bibliotheque/FoodEatUp%20-%20La%20page%20qui%20ne%20bouge%20plus%20%28vignette%29.jpg	La page qui ne bouge plus\n\nFoodEatUp — une infinité de solutions pour gérer votre restaurant. Essai gratuit, sans carte bancaire.\n\nL'événement de la semaine : masterclass « IA et restaurant : comment la mettre en place ? », vendredi 12 septembre à 10 h, en direct sur LinkedIn. Gratuit, avec le replay pour les inscrits.\nInscription et ajout à votre agenda : https://calendar.app.google/wttUFqbCt42VvZWcA\nWhatsApp : https://wa.me/33614189225 (06 14 18 92 25)\nMa carte de visite : https://carte.foodeatup.com/michael\nComposer votre devis : https://site.foodeatup.com/creer-mon-devis\n\n#restaurant #restauration #logicielrestaurant #HACCP #IA #FoodEatUp
2026-10-11T09:00:00+02:00	Deux adresses, deux vérités	https://rapido-software.s3.eu-west-3.amazonaws.com/rapidosoftware/cms/bibliotheque/FoodEatUp%20-%20Deux%20adresses%2C%20deux%20v%C3%A9rit%C3%A9s%20%289x16%29.mp4	https://rapido-software.s3.eu-west-3.amazonaws.com/rapidosoftware/cms/bibliotheque/FoodEatUp%20-%20Deux%20adresses%2C%20deux%20v%C3%A9rit%C3%A9s%20%28vignette%29.jpg	Deux adresses, deux vérités\n\nFoodEatUp — une infinité de solutions pour gérer votre restaurant. Essai gratuit, sans carte bancaire.\n\nL'événement de la semaine : masterclass « IA et restaurant : comment la mettre en place ? », vendredi 12 septembre à 10 h, en direct sur LinkedIn. Gratuit, avec le replay pour les inscrits.\nInscription et ajout à votre agenda : https://calendar.app.google/wttUFqbCt42VvZWcA\nWhatsApp : https://wa.me/33614189225 (06 14 18 92 25)\nMa carte de visite : https://carte.foodeatup.com/michael\nComposer votre devis : https://site.foodeatup.com/creer-mon-devis\n\n#restaurant #restauration #logicielrestaurant #HACCP #IA #FoodEatUp
2026-10-11T13:00:00+02:00	Sept logiciels, sept factures	https://rapido-software.s3.eu-west-3.amazonaws.com/rapidosoftware/cms/bibliotheque/FoodEatUp%20-%20Sept%20logiciels%2C%20sept%20factures%20%289x16%29.mp4	https://rapido-software.s3.eu-west-3.amazonaws.com/rapidosoftware/cms/bibliotheque/FoodEatUp%20-%20Sept%20logiciels%2C%20sept%20factures%20%28vignette%29.jpg	Sept logiciels, sept factures\n\nFoodEatUp — une infinité de solutions pour gérer votre restaurant. Essai gratuit, sans carte bancaire.\n\nL'événement de la semaine : masterclass « IA et restaurant : comment la mettre en place ? », vendredi 12 septembre à 10 h, en direct sur LinkedIn. Gratuit, avec le replay pour les inscrits.\nInscription et ajout à votre agenda : https://calendar.app.google/wttUFqbCt42VvZWcA\nWhatsApp : https://wa.me/33614189225 (06 14 18 92 25)\nMa carte de visite : https://carte.foodeatup.com/michael\nComposer votre devis : https://site.foodeatup.com/creer-mon-devis\n\n#restaurant #restauration #logicielrestaurant #HACCP #IA #FoodEatUp
2026-10-11T18:30:00+02:00	Sept heures du matin	https://rapido-software.s3.eu-west-3.amazonaws.com/rapidosoftware/cms/bibliotheque/FoodEatUp%20-%20Sept%20heures%20du%20matin%20%289x16%29.mp4	https://rapido-software.s3.eu-west-3.amazonaws.com/rapidosoftware/cms/bibliotheque/FoodEatUp%20-%20Sept%20heures%20du%20matin%20%28vignette%29.jpg	Sept heures du matin\n\nFoodEatUp — une infinité de solutions pour gérer votre restaurant. Essai gratuit, sans carte bancaire.\n\nL'événement de la semaine : masterclass « IA et restaurant : comment la mettre en place ? », vendredi 12 septembre à 10 h, en direct sur LinkedIn. Gratuit, avec le replay pour les inscrits.\nInscription et ajout à votre agenda : https://calendar.app.google/wttUFqbCt42VvZWcA\nWhatsApp : https://wa.me/33614189225 (06 14 18 92 25)\nMa carte de visite : https://carte.foodeatup.com/michael\nComposer votre devis : https://site.foodeatup.com/creer-mon-devis\n\n#restaurant #restauration #logicielrestaurant #HACCP #IA #FoodEatUp
2026-10-12T09:00:00+02:00	Midi moins dix	https://rapido-software.s3.eu-west-3.amazonaws.com/rapidosoftware/cms/bibliotheque/FoodEatUp%20-%20Midi%20moins%20dix%20%289x16%29.mp4	https://rapido-software.s3.eu-west-3.amazonaws.com/rapidosoftware/cms/bibliotheque/FoodEatUp%20-%20Midi%20moins%20dix%20%28vignette%29.jpg	Midi moins dix\n\nFoodEatUp — une infinité de solutions pour gérer votre restaurant. Essai gratuit, sans carte bancaire.\n\nL'événement de la semaine : masterclass « IA et restaurant : comment la mettre en place ? », vendredi 12 septembre à 10 h, en direct sur LinkedIn. Gratuit, avec le replay pour les inscrits.\nInscription et ajout à votre agenda : https://calendar.app.google/wttUFqbCt42VvZWcA\nWhatsApp : https://wa.me/33614189225 (06 14 18 92 25)\nMa carte de visite : https://carte.foodeatup.com/michael\nComposer votre devis : https://site.foodeatup.com/creer-mon-devis\n\n#restaurant #restauration #logicielrestaurant #HACCP #IA #FoodEatUp
2026-10-12T13:00:00+02:00	Dix-neuf heures quarante	https://rapido-software.s3.eu-west-3.amazonaws.com/rapidosoftware/cms/bibliotheque/FoodEatUp%20-%20Dix-neuf%20heures%20quarante%20%289x16%29.mp4	https://rapido-software.s3.eu-west-3.amazonaws.com/rapidosoftware/cms/bibliotheque/FoodEatUp%20-%20Dix-neuf%20heures%20quarante%20%28vignette%29.jpg	Dix-neuf heures quarante\n\nFoodEatUp — une infinité de solutions pour gérer votre restaurant. Essai gratuit, sans carte bancaire.\n\nL'événement de la semaine : masterclass « IA et restaurant : comment la mettre en place ? », vendredi 12 septembre à 10 h, en direct sur LinkedIn. Gratuit, avec le replay pour les inscrits.\nInscription et ajout à votre agenda : https://calendar.app.google/wttUFqbCt42VvZWcA\nWhatsApp : https://wa.me/33614189225 (06 14 18 92 25)\nMa carte de visite : https://carte.foodeatup.com/michael\nComposer votre devis : https://site.foodeatup.com/creer-mon-devis\n\n#restaurant #restauration #logicielrestaurant #HACCP #IA #FoodEatUp
2026-10-12T18:30:00+02:00	Minuit et demi	https://rapido-software.s3.eu-west-3.amazonaws.com/rapidosoftware/cms/bibliotheque/FoodEatUp%20-%20Minuit%20et%20demi%20%289x16%29.mp4	https://rapido-software.s3.eu-west-3.amazonaws.com/rapidosoftware/cms/bibliotheque/FoodEatUp%20-%20Minuit%20et%20demi%20%28vignette%29.jpg	Minuit et demi\n\nFoodEatUp — une infinité de solutions pour gérer votre restaurant. Essai gratuit, sans carte bancaire.\n\nL'événement de la semaine : masterclass « IA et restaurant : comment la mettre en place ? », vendredi 12 septembre à 10 h, en direct sur LinkedIn. Gratuit, avec le replay pour les inscrits.\nInscription et ajout à votre agenda : https://calendar.app.google/wttUFqbCt42VvZWcA\nWhatsApp : https://wa.me/33614189225 (06 14 18 92 25)\nMa carte de visite : https://carte.foodeatup.com/michael\nComposer votre devis : https://site.foodeatup.com/creer-mon-devis\n\n#restaurant #restauration #logicielrestaurant #HACCP #IA #FoodEatUp
2026-10-13T09:00:00+02:00	Le lundi de relâche	https://rapido-software.s3.eu-west-3.amazonaws.com/rapidosoftware/cms/bibliotheque/FoodEatUp%20-%20Le%20lundi%20de%20rel%C3%A2che%20%289x16%29.mp4	https://rapido-software.s3.eu-west-3.amazonaws.com/rapidosoftware/cms/bibliotheque/FoodEatUp%20-%20Le%20lundi%20de%20rel%C3%A2che%20%28vignette%29.jpg	Le lundi de relâche\n\nFoodEatUp — une infinité de solutions pour gérer votre restaurant. Essai gratuit, sans carte bancaire.\n\nL'événement de la semaine : masterclass « IA et restaurant : comment la mettre en place ? », vendredi 12 septembre à 10 h, en direct sur LinkedIn. Gratuit, avec le replay pour les inscrits.\nInscription et ajout à votre agenda : https://calendar.app.google/wttUFqbCt42VvZWcA\nWhatsApp : https://wa.me/33614189225 (06 14 18 92 25)\nMa carte de visite : https://carte.foodeatup.com/michael\nComposer votre devis : https://site.foodeatup.com/creer-mon-devis\n\n#restaurant #restauration #logicielrestaurant #HACCP #IA #FoodEatUp
2026-10-13T13:00:00+02:00	Le samedi à deux services	https://rapido-software.s3.eu-west-3.amazonaws.com/rapidosoftware/cms/bibliotheque/FoodEatUp%20-%20Le%20samedi%20%C3%A0%20deux%20services%20%289x16%29.mp4	https://rapido-software.s3.eu-west-3.amazonaws.com/rapidosoftware/cms/bibliotheque/FoodEatUp%20-%20Le%20samedi%20%C3%A0%20deux%20services%20%28vignette%29.jpg	Le samedi à deux services\n\nFoodEatUp — une infinité de solutions pour gérer votre restaurant. Essai gratuit, sans carte bancaire.\n\nL'événement de la semaine : masterclass « IA et restaurant : comment la mettre en place ? », vendredi 12 septembre à 10 h, en direct sur LinkedIn. Gratuit, avec le replay pour les inscrits.\nInscription et ajout à votre agenda : https://calendar.app.google/wttUFqbCt42VvZWcA\nWhatsApp : https://wa.me/33614189225 (06 14 18 92 25)\nMa carte de visite : https://carte.foodeatup.com/michael\nComposer votre devis : https://site.foodeatup.com/creer-mon-devis\n\n#restaurant #restauration #logicielrestaurant #HACCP #IA #FoodEatUp
2026-10-13T18:30:00+02:00	Le brunch du dimanche	https://rapido-software.s3.eu-west-3.amazonaws.com/rapidosoftware/cms/bibliotheque/FoodEatUp%20-%20Le%20brunch%20du%20dimanche%20%289x16%29.mp4	https://rapido-software.s3.eu-west-3.amazonaws.com/rapidosoftware/cms/bibliotheque/FoodEatUp%20-%20Le%20brunch%20du%20dimanche%20%28vignette%29.jpg	Le brunch du dimanche\n\nFoodEatUp — une infinité de solutions pour gérer votre restaurant. Essai gratuit, sans carte bancaire.\n\nL'événement de la semaine : masterclass « IA et restaurant : comment la mettre en place ? », vendredi 12 septembre à 10 h, en direct sur LinkedIn. Gratuit, avec le replay pour les inscrits.\nInscription et ajout à votre agenda : https://calendar.app.google/wttUFqbCt42VvZWcA\nWhatsApp : https://wa.me/33614189225 (06 14 18 92 25)\nMa carte de visite : https://carte.foodeatup.com/michael\nComposer votre devis : https://site.foodeatup.com/creer-mon-devis\n\n#restaurant #restauration #logicielrestaurant #HACCP #IA #FoodEatUp
2026-10-14T09:00:00+02:00	L'été, la terrasse pleine	https://rapido-software.s3.eu-west-3.amazonaws.com/rapidosoftware/cms/bibliotheque/FoodEatUp%20-%20L%27%C3%A9t%C3%A9%2C%20la%20terrasse%20pleine%20%289x16%29.mp4	https://rapido-software.s3.eu-west-3.amazonaws.com/rapidosoftware/cms/bibliotheque/FoodEatUp%20-%20L%27%C3%A9t%C3%A9%2C%20la%20terrasse%20pleine%20%28vignette%29.jpg	L'été, la terrasse pleine\n\nFoodEatUp — une infinité de solutions pour gérer votre restaurant. Essai gratuit, sans carte bancaire.\n\nL'événement de la semaine : masterclass « IA et restaurant : comment la mettre en place ? », vendredi 12 septembre à 10 h, en direct sur LinkedIn. Gratuit, avec le replay pour les inscrits.\nInscription et ajout à votre agenda : https://calendar.app.google/wttUFqbCt42VvZWcA\nWhatsApp : https://wa.me/33614189225 (06 14 18 92 25)\nMa carte de visite : https://carte.foodeatup.com/michael\nComposer votre devis : https://site.foodeatup.com/creer-mon-devis\n\n#restaurant #restauration #logicielrestaurant #HACCP #IA #FoodEatUp
2026-10-14T13:00:00+02:00	Le mois de décembre	https://rapido-software.s3.eu-west-3.amazonaws.com/rapidosoftware/cms/bibliotheque/FoodEatUp%20-%20Le%20mois%20de%20d%C3%A9cembre%20%289x16%29.mp4	https://rapido-software.s3.eu-west-3.amazonaws.com/rapidosoftware/cms/bibliotheque/FoodEatUp%20-%20Le%20mois%20de%20d%C3%A9cembre%20%28vignette%29.jpg	Le mois de décembre\n\nFoodEatUp — une infinité de solutions pour gérer votre restaurant. Essai gratuit, sans carte bancaire.\n\nL'événement de la semaine : masterclass « IA et restaurant : comment la mettre en place ? », vendredi 12 septembre à 10 h, en direct sur LinkedIn. Gratuit, avec le replay pour les inscrits.\nInscription et ajout à votre agenda : https://calendar.app.google/wttUFqbCt42VvZWcA\nWhatsApp : https://wa.me/33614189225 (06 14 18 92 25)\nMa carte de visite : https://carte.foodeatup.com/michael\nComposer votre devis : https://site.foodeatup.com/creer-mon-devis\n\n#restaurant #restauration #logicielrestaurant #HACCP #IA #FoodEatUp
2026-10-14T18:30:00+02:00	Le mardi creux	https://rapido-software.s3.eu-west-3.amazonaws.com/rapidosoftware/cms/bibliotheque/FoodEatUp%20-%20Le%20mardi%20creux%20%289x16%29.mp4	https://rapido-software.s3.eu-west-3.amazonaws.com/rapidosoftware/cms/bibliotheque/FoodEatUp%20-%20Le%20mardi%20creux%20%28vignette%29.jpg	Le mardi creux\n\nFoodEatUp — une infinité de solutions pour gérer votre restaurant. Essai gratuit, sans carte bancaire.\n\nL'événement de la semaine : masterclass « IA et restaurant : comment la mettre en place ? », vendredi 12 septembre à 10 h, en direct sur LinkedIn. Gratuit, avec le replay pour les inscrits.\nInscription et ajout à votre agenda : https://calendar.app.google/wttUFqbCt42VvZWcA\nWhatsApp : https://wa.me/33614189225 (06 14 18 92 25)\nMa carte de visite : https://carte.foodeatup.com/michael\nComposer votre devis : https://site.foodeatup.com/creer-mon-devis\n\n#restaurant #restauration #logicielrestaurant #HACCP #IA #FoodEatUp
2026-10-15T09:00:00+02:00	La pizzeria du coin	https://rapido-software.s3.eu-west-3.amazonaws.com/rapidosoftware/cms/bibliotheque/FoodEatUp%20-%20La%20pizzeria%20du%20coin%20%289x16%29.mp4	https://rapido-software.s3.eu-west-3.amazonaws.com/rapidosoftware/cms/bibliotheque/FoodEatUp%20-%20La%20pizzeria%20du%20coin%20%28vignette%29.jpg	La pizzeria du coin\n\nFoodEatUp — une infinité de solutions pour gérer votre restaurant. Essai gratuit, sans carte bancaire.\n\nL'événement de la semaine : masterclass « IA et restaurant : comment la mettre en place ? », vendredi 12 septembre à 10 h, en direct sur LinkedIn. Gratuit, avec le replay pour les inscrits.\nInscription et ajout à votre agenda : https://calendar.app.google/wttUFqbCt42VvZWcA\nWhatsApp : https://wa.me/33614189225 (06 14 18 92 25)\nMa carte de visite : https://carte.foodeatup.com/michael\nComposer votre devis : https://site.foodeatup.com/creer-mon-devis\n\n#restaurant #restauration #logicielrestaurant #HACCP #IA #FoodEatUp
2026-10-15T13:00:00+02:00	La boulangerie à six heures	https://rapido-software.s3.eu-west-3.amazonaws.com/rapidosoftware/cms/bibliotheque/FoodEatUp%20-%20La%20boulangerie%20%C3%A0%20six%20heures%20%289x16%29.mp4	https://rapido-software.s3.eu-west-3.amazonaws.com/rapidosoftware/cms/bibliotheque/FoodEatUp%20-%20La%20boulangerie%20%C3%A0%20six%20heures%20%28vignette%29.jpg	La boulangerie à six heures\n\nFoodEatUp — une infinité de solutions pour gérer votre restaurant. Essai gratuit, sans carte bancaire.\n\nL'événement de la semaine : masterclass « IA et restaurant : comment la mettre en place ? », vendredi 12 septembre à 10 h, en direct sur LinkedIn. Gratuit, avec le replay pour les inscrits.\nInscription et ajout à votre agenda : https://calendar.app.google/wttUFqbCt42VvZWcA\nWhatsApp : https://wa.me/33614189225 (06 14 18 92 25)\nMa carte de visite : https://carte.foodeatup.com/michael\nComposer votre devis : https://site.foodeatup.com/creer-mon-devis\n\n#restaurant #restauration #logicielrestaurant #HACCP #IA #FoodEatUp
2026-10-15T18:30:00+02:00	Le food truck	https://rapido-software.s3.eu-west-3.amazonaws.com/rapidosoftware/cms/bibliotheque/FoodEatUp%20-%20Le%20food%20truck%20%289x16%29.mp4	https://rapido-software.s3.eu-west-3.amazonaws.com/rapidosoftware/cms/bibliotheque/FoodEatUp%20-%20Le%20food%20truck%20%28vignette%29.jpg	Le food truck\n\nFoodEatUp — une infinité de solutions pour gérer votre restaurant. Essai gratuit, sans carte bancaire.\n\nL'événement de la semaine : masterclass « IA et restaurant : comment la mettre en place ? », vendredi 12 septembre à 10 h, en direct sur LinkedIn. Gratuit, avec le replay pour les inscrits.\nInscription et ajout à votre agenda : https://calendar.app.google/wttUFqbCt42VvZWcA\nWhatsApp : https://wa.me/33614189225 (06 14 18 92 25)\nMa carte de visite : https://carte.foodeatup.com/michael\nComposer votre devis : https://site.foodeatup.com/creer-mon-devis\n\n#restaurant #restauration #logicielrestaurant #HACCP #IA #FoodEatUp
2026-10-16T09:00:00+02:00	La brasserie de cent couverts	https://rapido-software.s3.eu-west-3.amazonaws.com/rapidosoftware/cms/bibliotheque/FoodEatUp%20-%20La%20brasserie%20de%20cent%20couverts%20%289x16%29.mp4	https://rapido-software.s3.eu-west-3.amazonaws.com/rapidosoftware/cms/bibliotheque/FoodEatUp%20-%20La%20brasserie%20de%20cent%20couverts%20%28vignette%29.jpg	La brasserie de cent couverts\n\nFoodEatUp — une infinité de solutions pour gérer votre restaurant. Essai gratuit, sans carte bancaire.\n\nL'événement de la semaine : masterclass « IA et restaurant : comment la mettre en place ? », vendredi 12 septembre à 10 h, en direct sur LinkedIn. Gratuit, avec le replay pour les inscrits.\nInscription et ajout à votre agenda : https://calendar.app.google/wttUFqbCt42VvZWcA\nWhatsApp : https://wa.me/33614189225 (06 14 18 92 25)\nMa carte de visite : https://carte.foodeatup.com/michael\nComposer votre devis : https://site.foodeatup.com/creer-mon-devis\n\n#restaurant #restauration #logicielrestaurant #HACCP #IA #FoodEatUp
2026-10-16T13:00:00+02:00	La cuisine sans salle	https://rapido-software.s3.eu-west-3.amazonaws.com/rapidosoftware/cms/bibliotheque/FoodEatUp%20-%20La%20cuisine%20sans%20salle%20%289x16%29.mp4	https://rapido-software.s3.eu-west-3.amazonaws.com/rapidosoftware/cms/bibliotheque/FoodEatUp%20-%20La%20cuisine%20sans%20salle%20%28vignette%29.jpg	La cuisine sans salle\n\nFoodEatUp — une infinité de solutions pour gérer votre restaurant. Essai gratuit, sans carte bancaire.\n\nL'événement de la semaine : masterclass « IA et restaurant : comment la mettre en place ? », vendredi 12 septembre à 10 h, en direct sur LinkedIn. Gratuit, avec le replay pour les inscrits.\nInscription et ajout à votre agenda : https://calendar.app.google/wttUFqbCt42VvZWcA\nWhatsApp : https://wa.me/33614189225 (06 14 18 92 25)\nMa carte de visite : https://carte.foodeatup.com/michael\nComposer votre devis : https://site.foodeatup.com/creer-mon-devis\n\n#restaurant #restauration #logicielrestaurant #HACCP #IA #FoodEatUp
2026-10-16T18:30:00+02:00	Le traiteur du week-end	https://rapido-software.s3.eu-west-3.amazonaws.com/rapidosoftware/cms/bibliotheque/FoodEatUp%20-%20Le%20traiteur%20du%20week-end%20%289x16%29.mp4	https://rapido-software.s3.eu-west-3.amazonaws.com/rapidosoftware/cms/bibliotheque/FoodEatUp%20-%20Le%20traiteur%20du%20week-end%20%28vignette%29.jpg	Le traiteur du week-end\n\nFoodEatUp — une infinité de solutions pour gérer votre restaurant. Essai gratuit, sans carte bancaire.\n\nL'événement de la semaine : masterclass « IA et restaurant : comment la mettre en place ? », vendredi 12 septembre à 10 h, en direct sur LinkedIn. Gratuit, avec le replay pour les inscrits.\nInscription et ajout à votre agenda : https://calendar.app.google/wttUFqbCt42VvZWcA\nWhatsApp : https://wa.me/33614189225 (06 14 18 92 25)\nMa carte de visite : https://carte.foodeatup.com/michael\nComposer votre devis : https://site.foodeatup.com/creer-mon-devis\n\n#restaurant #restauration #logicielrestaurant #HACCP #IA #FoodEatUp
2026-10-17T09:00:00+02:00	Le bar à vin	https://rapido-software.s3.eu-west-3.amazonaws.com/rapidosoftware/cms/bibliotheque/FoodEatUp%20-%20Le%20bar%20%C3%A0%20vin%20%289x16%29.mp4	https://rapido-software.s3.eu-west-3.amazonaws.com/rapidosoftware/cms/bibliotheque/FoodEatUp%20-%20Le%20bar%20%C3%A0%20vin%20%28vignette%29.jpg	Le bar à vin\n\nFoodEatUp — une infinité de solutions pour gérer votre restaurant. Essai gratuit, sans carte bancaire.\n\nL'événement de la semaine : masterclass « IA et restaurant : comment la mettre en place ? », vendredi 12 septembre à 10 h, en direct sur LinkedIn. Gratuit, avec le replay pour les inscrits.\nInscription et ajout à votre agenda : https://calendar.app.google/wttUFqbCt42VvZWcA\nWhatsApp : https://wa.me/33614189225 (06 14 18 92 25)\nMa carte de visite : https://carte.foodeatup.com/michael\nComposer votre devis : https://site.foodeatup.com/creer-mon-devis\n\n#restaurant #restauration #logicielrestaurant #HACCP #IA #FoodEatUp
2026-10-17T13:00:00+02:00	La table gastronomique	https://rapido-software.s3.eu-west-3.amazonaws.com/rapidosoftware/cms/bibliotheque/FoodEatUp%20-%20La%20table%20gastronomique%20%289x16%29.mp4	https://rapido-software.s3.eu-west-3.amazonaws.com/rapidosoftware/cms/bibliotheque/FoodEatUp%20-%20La%20table%20gastronomique%20%28vignette%29.jpg	La table gastronomique\n\nFoodEatUp — une infinité de solutions pour gérer votre restaurant. Essai gratuit, sans carte bancaire.\n\nL'événement de la semaine : masterclass « IA et restaurant : comment la mettre en place ? », vendredi 12 septembre à 10 h, en direct sur LinkedIn. Gratuit, avec le replay pour les inscrits.\nInscription et ajout à votre agenda : https://calendar.app.google/wttUFqbCt42VvZWcA\nWhatsApp : https://wa.me/33614189225 (06 14 18 92 25)\nMa carte de visite : https://carte.foodeatup.com/michael\nComposer votre devis : https://site.foodeatup.com/creer-mon-devis\n\n#restaurant #restauration #logicielrestaurant #HACCP #IA #FoodEatUp
2026-10-17T18:30:00+02:00	La cantine d'entreprise	https://rapido-software.s3.eu-west-3.amazonaws.com/rapidosoftware/cms/bibliotheque/FoodEatUp%20-%20La%20cantine%20d%27entreprise%20%289x16%29.mp4	https://rapido-software.s3.eu-west-3.amazonaws.com/rapidosoftware/cms/bibliotheque/FoodEatUp%20-%20La%20cantine%20d%27entreprise%20%28vignette%29.jpg	La cantine d'entreprise\n\nFoodEatUp — une infinité de solutions pour gérer votre restaurant. Essai gratuit, sans carte bancaire.\n\nL'événement de la semaine : masterclass « IA et restaurant : comment la mettre en place ? », vendredi 12 septembre à 10 h, en direct sur LinkedIn. Gratuit, avec le replay pour les inscrits.\nInscription et ajout à votre agenda : https://calendar.app.google/wttUFqbCt42VvZWcA\nWhatsApp : https://wa.me/33614189225 (06 14 18 92 25)\nMa carte de visite : https://carte.foodeatup.com/michael\nComposer votre devis : https://site.foodeatup.com/creer-mon-devis\n\n#restaurant #restauration #logicielrestaurant #HACCP #IA #FoodEatUp
2026-10-18T09:00:00+02:00	Le deuxième restaurant	https://rapido-software.s3.eu-west-3.amazonaws.com/rapidosoftware/cms/bibliotheque/FoodEatUp%20-%20Le%20deuxi%C3%A8me%20restaurant%20%289x16%29.mp4	https://rapido-software.s3.eu-west-3.amazonaws.com/rapidosoftware/cms/bibliotheque/FoodEatUp%20-%20Le%20deuxi%C3%A8me%20restaurant%20%28vignette%29.jpg	Le deuxième restaurant\n\nFoodEatUp — une infinité de solutions pour gérer votre restaurant. Essai gratuit, sans carte bancaire.\n\nL'événement de la semaine : masterclass « IA et restaurant : comment la mettre en place ? », vendredi 12 septembre à 10 h, en direct sur LinkedIn. Gratuit, avec le replay pour les inscrits.\nInscription et ajout à votre agenda : https://calendar.app.google/wttUFqbCt42VvZWcA\nWhatsApp : https://wa.me/33614189225 (06 14 18 92 25)\nMa carte de visite : https://carte.foodeatup.com/michael\nComposer votre devis : https://site.foodeatup.com/creer-mon-devis\n\n#restaurant #restauration #logicielrestaurant #HACCP #IA #FoodEatUp
2026-10-18T13:00:00+02:00	« C'est trop cher »	https://rapido-software.s3.eu-west-3.amazonaws.com/rapidosoftware/cms/bibliotheque/FoodEatUp%20-%20%C2%AB%20C%27est%20trop%20cher%20%C2%BB%20%289x16%29.mp4	https://rapido-software.s3.eu-west-3.amazonaws.com/rapidosoftware/cms/bibliotheque/FoodEatUp%20-%20%C2%AB%20C%27est%20trop%20cher%20%C2%BB%20%28vignette%29.jpg	« C'est trop cher »\n\nFoodEatUp — une infinité de solutions pour gérer votre restaurant. Essai gratuit, sans carte bancaire.\n\nL'événement de la semaine : masterclass « IA et restaurant : comment la mettre en place ? », vendredi 12 septembre à 10 h, en direct sur LinkedIn. Gratuit, avec le replay pour les inscrits.\nInscription et ajout à votre agenda : https://calendar.app.google/wttUFqbCt42VvZWcA\nWhatsApp : https://wa.me/33614189225 (06 14 18 92 25)\nMa carte de visite : https://carte.foodeatup.com/michael\nComposer votre devis : https://site.foodeatup.com/creer-mon-devis\n\n#restaurant #restauration #logicielrestaurant #HACCP #IA #FoodEatUp
2026-10-18T18:30:00+02:00	« Je n'ai pas le temps »	https://rapido-software.s3.eu-west-3.amazonaws.com/rapidosoftware/cms/bibliotheque/FoodEatUp%20-%20%C2%AB%20Je%20n%27ai%20pas%20le%20temps%20%C2%BB%20%289x16%29.mp4	https://rapido-software.s3.eu-west-3.amazonaws.com/rapidosoftware/cms/bibliotheque/FoodEatUp%20-%20%C2%AB%20Je%20n%27ai%20pas%20le%20temps%20%C2%BB%20%28vignette%29.jpg	« Je n'ai pas le temps »\n\nFoodEatUp — une infinité de solutions pour gérer votre restaurant. Essai gratuit, sans carte bancaire.\n\nL'événement de la semaine : masterclass « IA et restaurant : comment la mettre en place ? », vendredi 12 septembre à 10 h, en direct sur LinkedIn. Gratuit, avec le replay pour les inscrits.\nInscription et ajout à votre agenda : https://calendar.app.google/wttUFqbCt42VvZWcA\nWhatsApp : https://wa.me/33614189225 (06 14 18 92 25)\nMa carte de visite : https://carte.foodeatup.com/michael\nComposer votre devis : https://site.foodeatup.com/creer-mon-devis\n\n#restaurant #restauration #logicielrestaurant #HACCP #IA #FoodEatUp
2026-10-19T09:00:00+02:00	« Mon équipe ne suivra pas »	https://rapido-software.s3.eu-west-3.amazonaws.com/rapidosoftware/cms/bibliotheque/FoodEatUp%20-%20%C2%AB%20Mon%20%C3%A9quipe%20ne%20suivra%20pas%20%C2%BB%20%289x16%29.mp4	https://rapido-software.s3.eu-west-3.amazonaws.com/rapidosoftware/cms/bibliotheque/FoodEatUp%20-%20%C2%AB%20Mon%20%C3%A9quipe%20ne%20suivra%20pas%20%C2%BB%20%28vignette%29.jpg	« Mon équipe ne suivra pas »\n\nFoodEatUp — une infinité de solutions pour gérer votre restaurant. Essai gratuit, sans carte bancaire.\n\nL'événement de la semaine : masterclass « IA et restaurant : comment la mettre en place ? », vendredi 12 septembre à 10 h, en direct sur LinkedIn. Gratuit, avec le replay pour les inscrits.\nInscription et ajout à votre agenda : https://calendar.app.google/wttUFqbCt42VvZWcA\nWhatsApp : https://wa.me/33614189225 (06 14 18 92 25)\nMa carte de visite : https://carte.foodeatup.com/michael\nComposer votre devis : https://site.foodeatup.com/creer-mon-devis\n\n#restaurant #restauration #logicielrestaurant #HACCP #IA #FoodEatUp
2026-10-19T13:00:00+02:00	« Je suis déjà équipé »	https://rapido-software.s3.eu-west-3.amazonaws.com/rapidosoftware/cms/bibliotheque/FoodEatUp%20-%20%C2%AB%20Je%20suis%20d%C3%A9j%C3%A0%20%C3%A9quip%C3%A9%20%C2%BB%20%289x16%29.mp4	https://rapido-software.s3.eu-west-3.amazonaws.com/rapidosoftware/cms/bibliotheque/FoodEatUp%20-%20%C2%AB%20Je%20suis%20d%C3%A9j%C3%A0%20%C3%A9quip%C3%A9%20%C2%BB%20%28vignette%29.jpg	« Je suis déjà équipé »\n\nFoodEatUp — une infinité de solutions pour gérer votre restaurant. Essai gratuit, sans carte bancaire.\n\nL'événement de la semaine : masterclass « IA et restaurant : comment la mettre en place ? », vendredi 12 septembre à 10 h, en direct sur LinkedIn. Gratuit, avec le replay pour les inscrits.\nInscription et ajout à votre agenda : https://calendar.app.google/wttUFqbCt42VvZWcA\nWhatsApp : https://wa.me/33614189225 (06 14 18 92 25)\nMa carte de visite : https://carte.foodeatup.com/michael\nComposer votre devis : https://site.foodeatup.com/creer-mon-devis\n\n#restaurant #restauration #logicielrestaurant #HACCP #IA #FoodEatUp
2026-10-19T18:30:00+02:00	« Le papier me suffit »	https://rapido-software.s3.eu-west-3.amazonaws.com/rapidosoftware/cms/bibliotheque/FoodEatUp%20-%20%C2%AB%20Le%20papier%20me%20suffit%20%C2%BB%20%289x16%29.mp4	https://rapido-software.s3.eu-west-3.amazonaws.com/rapidosoftware/cms/bibliotheque/FoodEatUp%20-%20%C2%AB%20Le%20papier%20me%20suffit%20%C2%BB%20%28vignette%29.jpg	« Le papier me suffit »\n\nFoodEatUp — une infinité de solutions pour gérer votre restaurant. Essai gratuit, sans carte bancaire.\n\nL'événement de la semaine : masterclass « IA et restaurant : comment la mettre en place ? », vendredi 12 septembre à 10 h, en direct sur LinkedIn. Gratuit, avec le replay pour les inscrits.\nInscription et ajout à votre agenda : https://calendar.app.google/wttUFqbCt42VvZWcA\nWhatsApp : https://wa.me/33614189225 (06 14 18 92 25)\nMa carte de visite : https://carte.foodeatup.com/michael\nComposer votre devis : https://site.foodeatup.com/creer-mon-devis\n\n#restaurant #restauration #logicielrestaurant #HACCP #IA #FoodEatUp
2026-10-20T09:00:00+02:00	« L'IA, je n'y crois pas »	https://rapido-software.s3.eu-west-3.amazonaws.com/rapidosoftware/cms/bibliotheque/FoodEatUp%20-%20%C2%AB%20L%27IA%2C%20je%20n%27y%20crois%20pas%20%C2%BB%20%289x16%29.mp4	https://rapido-software.s3.eu-west-3.amazonaws.com/rapidosoftware/cms/bibliotheque/FoodEatUp%20-%20%C2%AB%20L%27IA%2C%20je%20n%27y%20crois%20pas%20%C2%BB%20%28vignette%29.jpg	« L'IA, je n'y crois pas »\n\nFoodEatUp — une infinité de solutions pour gérer votre restaurant. Essai gratuit, sans carte bancaire.\n\nL'événement de la semaine : masterclass « IA et restaurant : comment la mettre en place ? », vendredi 12 septembre à 10 h, en direct sur LinkedIn. Gratuit, avec le replay pour les inscrits.\nInscription et ajout à votre agenda : https://calendar.app.google/wttUFqbCt42VvZWcA\nWhatsApp : https://wa.me/33614189225 (06 14 18 92 25)\nMa carte de visite : https://carte.foodeatup.com/michael\nComposer votre devis : https://site.foodeatup.com/creer-mon-devis\n\n#restaurant #restauration #logicielrestaurant #HACCP #IA #FoodEatUp
2026-10-20T13:00:00+02:00	« Et mes données ? »	https://rapido-software.s3.eu-west-3.amazonaws.com/rapidosoftware/cms/bibliotheque/FoodEatUp%20-%20%C2%AB%20Et%20mes%20donn%C3%A9es%20%3F%20%C2%BB%20%289x16%29.mp4	https://rapido-software.s3.eu-west-3.amazonaws.com/rapidosoftware/cms/bibliotheque/FoodEatUp%20-%20%C2%AB%20Et%20mes%20donn%C3%A9es%20%3F%20%C2%BB%20%28vignette%29.jpg	« Et mes données ? »\n\nFoodEatUp — une infinité de solutions pour gérer votre restaurant. Essai gratuit, sans carte bancaire.\n\nL'événement de la semaine : masterclass « IA et restaurant : comment la mettre en place ? », vendredi 12 septembre à 10 h, en direct sur LinkedIn. Gratuit, avec le replay pour les inscrits.\nInscription et ajout à votre agenda : https://calendar.app.google/wttUFqbCt42VvZWcA\nWhatsApp : https://wa.me/33614189225 (06 14 18 92 25)\nMa carte de visite : https://carte.foodeatup.com/michael\nComposer votre devis : https://site.foodeatup.com/creer-mon-devis\n\n#restaurant #restauration #logicielrestaurant #HACCP #IA #FoodEatUp
2026-10-20T18:30:00+02:00	Le jour de la bascule	https://rapido-software.s3.eu-west-3.amazonaws.com/rapidosoftware/cms/bibliotheque/FoodEatUp%20-%20Le%20jour%20de%20la%20bascule%20%289x16%29.mp4	https://rapido-software.s3.eu-west-3.amazonaws.com/rapidosoftware/cms/bibliotheque/FoodEatUp%20-%20Le%20jour%20de%20la%20bascule%20%28vignette%29.jpg	Le jour de la bascule\n\nFoodEatUp — une infinité de solutions pour gérer votre restaurant. Essai gratuit, sans carte bancaire.\n\nL'événement de la semaine : masterclass « IA et restaurant : comment la mettre en place ? », vendredi 12 septembre à 10 h, en direct sur LinkedIn. Gratuit, avec le replay pour les inscrits.\nInscription et ajout à votre agenda : https://calendar.app.google/wttUFqbCt42VvZWcA\nWhatsApp : https://wa.me/33614189225 (06 14 18 92 25)\nMa carte de visite : https://carte.foodeatup.com/michael\nComposer votre devis : https://site.foodeatup.com/creer-mon-devis\n\n#restaurant #restauration #logicielrestaurant #HACCP #IA #FoodEatUp
2026-10-21T09:00:00+02:00	Le samedi soir, personne au bout du fil	https://rapido-software.s3.eu-west-3.amazonaws.com/rapidosoftware/cms/bibliotheque/FoodEatUp%20-%20Le%20samedi%20soir%2C%20personne%20au%20bout%20du%20fil%20%289x16%29.mp4	https://rapido-software.s3.eu-west-3.amazonaws.com/rapidosoftware/cms/bibliotheque/FoodEatUp%20-%20Le%20samedi%20soir%2C%20personne%20au%20bout%20du%20fil%20%28vignette%29.jpg	Le samedi soir, personne au bout du fil\n\nFoodEatUp — une infinité de solutions pour gérer votre restaurant. Essai gratuit, sans carte bancaire.\n\nL'événement de la semaine : masterclass « IA et restaurant : comment la mettre en place ? », vendredi 12 septembre à 10 h, en direct sur LinkedIn. Gratuit, avec le replay pour les inscrits.\nInscription et ajout à votre agenda : https://calendar.app.google/wttUFqbCt42VvZWcA\nWhatsApp : https://wa.me/33614189225 (06 14 18 92 25)\nMa carte de visite : https://carte.foodeatup.com/michael\nComposer votre devis : https://site.foodeatup.com/creer-mon-devis\n\n#restaurant #restauration #logicielrestaurant #HACCP #IA #FoodEatUp
2026-10-21T13:00:00+02:00	Le premier soir	https://rapido-software.s3.eu-west-3.amazonaws.com/rapidosoftware/cms/bibliotheque/FoodEatUp%20-%20Le%20premier%20soir%20%289x16%29.mp4	https://rapido-software.s3.eu-west-3.amazonaws.com/rapidosoftware/cms/bibliotheque/FoodEatUp%20-%20Le%20premier%20soir%20%28vignette%29.jpg	Le premier soir\n\nFoodEatUp — une infinité de solutions pour gérer votre restaurant. Essai gratuit, sans carte bancaire.\n\nL'événement de la semaine : masterclass « IA et restaurant : comment la mettre en place ? », vendredi 12 septembre à 10 h, en direct sur LinkedIn. Gratuit, avec le replay pour les inscrits.\nInscription et ajout à votre agenda : https://calendar.app.google/wttUFqbCt42VvZWcA\nWhatsApp : https://wa.me/33614189225 (06 14 18 92 25)\nMa carte de visite : https://carte.foodeatup.com/michael\nComposer votre devis : https://site.foodeatup.com/creer-mon-devis\n\n#restaurant #restauration #logicielrestaurant #HACCP #IA #FoodEatUp
2026-10-21T18:30:00+02:00	Vingt-trois heures, ça sonne	https://rapido-software.s3.eu-west-3.amazonaws.com/rapidosoftware/cms/bibliotheque/FoodEatUp%20-%20Vingt-trois%20heures%2C%20%C3%A7a%20sonne%20%289x16%29.mp4	https://rapido-software.s3.eu-west-3.amazonaws.com/rapidosoftware/cms/bibliotheque/FoodEatUp%20-%20Vingt-trois%20heures%2C%20%C3%A7a%20sonne%20%28vignette%29.jpg	Vingt-trois heures, ça sonne\n\nFoodEatUp — une infinité de solutions pour gérer votre restaurant. Essai gratuit, sans carte bancaire.\n\nL'événement de la semaine : masterclass « IA et restaurant : comment la mettre en place ? », vendredi 12 septembre à 10 h, en direct sur LinkedIn. Gratuit, avec le replay pour les inscrits.\nInscription et ajout à votre agenda : https://calendar.app.google/wttUFqbCt42VvZWcA\nWhatsApp : https://wa.me/33614189225 (06 14 18 92 25)\nMa carte de visite : https://carte.foodeatup.com/michael\nComposer votre devis : https://site.foodeatup.com/creer-mon-devis\n\n#restaurant #restauration #logicielrestaurant #HACCP #IA #FoodEatUp
2026-10-22T09:00:00+02:00	Un client qui ne parle pas français	https://rapido-software.s3.eu-west-3.amazonaws.com/rapidosoftware/cms/bibliotheque/FoodEatUp%20-%20Un%20client%20qui%20ne%20parle%20pas%20fran%C3%A7ais%20%289x16%29.mp4	https://rapido-software.s3.eu-west-3.amazonaws.com/rapidosoftware/cms/bibliotheque/FoodEatUp%20-%20Un%20client%20qui%20ne%20parle%20pas%20fran%C3%A7ais%20%28vignette%29.jpg	Un client qui ne parle pas français\n\nFoodEatUp — une infinité de solutions pour gérer votre restaurant. Essai gratuit, sans carte bancaire.\n\nL'événement de la semaine : masterclass « IA et restaurant : comment la mettre en place ? », vendredi 12 septembre à 10 h, en direct sur LinkedIn. Gratuit, avec le replay pour les inscrits.\nInscription et ajout à votre agenda : https://calendar.app.google/wttUFqbCt42VvZWcA\nWhatsApp : https://wa.me/33614189225 (06 14 18 92 25)\nMa carte de visite : https://carte.foodeatup.com/michael\nComposer votre devis : https://site.foodeatup.com/creer-mon-devis\n\n#restaurant #restauration #logicielrestaurant #HACCP #IA #FoodEatUp
2026-10-22T13:00:00+02:00	Les mains dans la chambre froide	https://rapido-software.s3.eu-west-3.amazonaws.com/rapidosoftware/cms/bibliotheque/FoodEatUp%20-%20Les%20mains%20dans%20la%20chambre%20froide%20%289x16%29.mp4	https://rapido-software.s3.eu-west-3.amazonaws.com/rapidosoftware/cms/bibliotheque/FoodEatUp%20-%20Les%20mains%20dans%20la%20chambre%20froide%20%28vignette%29.jpg	Les mains dans la chambre froide\n\nFoodEatUp — une infinité de solutions pour gérer votre restaurant. Essai gratuit, sans carte bancaire.\n\nL'événement de la semaine : masterclass « IA et restaurant : comment la mettre en place ? », vendredi 12 septembre à 10 h, en direct sur LinkedIn. Gratuit, avec le replay pour les inscrits.\nInscription et ajout à votre agenda : https://calendar.app.google/wttUFqbCt42VvZWcA\nWhatsApp : https://wa.me/33614189225 (06 14 18 92 25)\nMa carte de visite : https://carte.foodeatup.com/michael\nComposer votre devis : https://site.foodeatup.com/creer-mon-devis\n\n#restaurant #restauration #logicielrestaurant #HACCP #IA #FoodEatUp
2026-10-22T18:30:00+02:00	La tâche qu'on oublie	https://rapido-software.s3.eu-west-3.amazonaws.com/rapidosoftware/cms/bibliotheque/FoodEatUp%20-%20La%20t%C3%A2che%20qu%27on%20oublie%20%289x16%29.mp4	https://rapido-software.s3.eu-west-3.amazonaws.com/rapidosoftware/cms/bibliotheque/FoodEatUp%20-%20La%20t%C3%A2che%20qu%27on%20oublie%20%28vignette%29.jpg	La tâche qu'on oublie\n\nFoodEatUp — une infinité de solutions pour gérer votre restaurant. Essai gratuit, sans carte bancaire.\n\nL'événement de la semaine : masterclass « IA et restaurant : comment la mettre en place ? », vendredi 12 septembre à 10 h, en direct sur LinkedIn. Gratuit, avec le replay pour les inscrits.\nInscription et ajout à votre agenda : https://calendar.app.google/wttUFqbCt42VvZWcA\nWhatsApp : https://wa.me/33614189225 (06 14 18 92 25)\nMa carte de visite : https://carte.foodeatup.com/michael\nComposer votre devis : https://site.foodeatup.com/creer-mon-devis\n\n#restaurant #restauration #logicielrestaurant #HACCP #IA #FoodEatUp
2026-10-23T09:00:00+02:00	La commande du jeudi	https://rapido-software.s3.eu-west-3.amazonaws.com/rapidosoftware/cms/bibliotheque/FoodEatUp%20-%20La%20commande%20du%20jeudi%20%289x16%29.mp4	https://rapido-software.s3.eu-west-3.amazonaws.com/rapidosoftware/cms/bibliotheque/FoodEatUp%20-%20La%20commande%20du%20jeudi%20%28vignette%29.jpg	La commande du jeudi\n\nFoodEatUp — une infinité de solutions pour gérer votre restaurant. Essai gratuit, sans carte bancaire.\n\nL'événement de la semaine : masterclass « IA et restaurant : comment la mettre en place ? », vendredi 12 septembre à 10 h, en direct sur LinkedIn. Gratuit, avec le replay pour les inscrits.\nInscription et ajout à votre agenda : https://calendar.app.google/wttUFqbCt42VvZWcA\nWhatsApp : https://wa.me/33614189225 (06 14 18 92 25)\nMa carte de visite : https://carte.foodeatup.com/michael\nComposer votre devis : https://site.foodeatup.com/creer-mon-devis\n\n#restaurant #restauration #logicielrestaurant #HACCP #IA #FoodEatUp
2026-10-23T13:00:00+02:00	L'alerte avant la casse	https://rapido-software.s3.eu-west-3.amazonaws.com/rapidosoftware/cms/bibliotheque/FoodEatUp%20-%20L%27alerte%20avant%20la%20casse%20%289x16%29.mp4	https://rapido-software.s3.eu-west-3.amazonaws.com/rapidosoftware/cms/bibliotheque/FoodEatUp%20-%20L%27alerte%20avant%20la%20casse%20%28vignette%29.jpg	L'alerte avant la casse\n\nFoodEatUp — une infinité de solutions pour gérer votre restaurant. Essai gratuit, sans carte bancaire.\n\nL'événement de la semaine : masterclass « IA et restaurant : comment la mettre en place ? », vendredi 12 septembre à 10 h, en direct sur LinkedIn. Gratuit, avec le replay pour les inscrits.\nInscription et ajout à votre agenda : https://calendar.app.google/wttUFqbCt42VvZWcA\nWhatsApp : https://wa.me/33614189225 (06 14 18 92 25)\nMa carte de visite : https://carte.foodeatup.com/michael\nComposer votre devis : https://site.foodeatup.com/creer-mon-devis\n\n#restaurant #restauration #logicielrestaurant #HACCP #IA #FoodEatUp
2026-10-23T18:30:00+02:00	La publication du jour	https://rapido-software.s3.eu-west-3.amazonaws.com/rapidosoftware/cms/bibliotheque/FoodEatUp%20-%20La%20publication%20du%20jour%20%289x16%29.mp4	https://rapido-software.s3.eu-west-3.amazonaws.com/rapidosoftware/cms/bibliotheque/FoodEatUp%20-%20La%20publication%20du%20jour%20%28vignette%29.jpg	La publication du jour\n\nFoodEatUp — une infinité de solutions pour gérer votre restaurant. Essai gratuit, sans carte bancaire.\n\nL'événement de la semaine : masterclass « IA et restaurant : comment la mettre en place ? », vendredi 12 septembre à 10 h, en direct sur LinkedIn. Gratuit, avec le replay pour les inscrits.\nInscription et ajout à votre agenda : https://calendar.app.google/wttUFqbCt42VvZWcA\nWhatsApp : https://wa.me/33614189225 (06 14 18 92 25)\nMa carte de visite : https://carte.foodeatup.com/michael\nComposer votre devis : https://site.foodeatup.com/creer-mon-devis\n\n#restaurant #restauration #logicielrestaurant #HACCP #IA #FoodEatUp
2026-10-24T09:00:00+02:00	La réponse à l'avis	https://rapido-software.s3.eu-west-3.amazonaws.com/rapidosoftware/cms/bibliotheque/FoodEatUp%20-%20La%20r%C3%A9ponse%20%C3%A0%20l%27avis%20%289x16%29.mp4	https://rapido-software.s3.eu-west-3.amazonaws.com/rapidosoftware/cms/bibliotheque/FoodEatUp%20-%20La%20r%C3%A9ponse%20%C3%A0%20l%27avis%20%28vignette%29.jpg	La réponse à l'avis\n\nFoodEatUp — une infinité de solutions pour gérer votre restaurant. Essai gratuit, sans carte bancaire.\n\nL'événement de la semaine : masterclass « IA et restaurant : comment la mettre en place ? », vendredi 12 septembre à 10 h, en direct sur LinkedIn. Gratuit, avec le replay pour les inscrits.\nInscription et ajout à votre agenda : https://calendar.app.google/wttUFqbCt42VvZWcA\nWhatsApp : https://wa.me/33614189225 (06 14 18 92 25)\nMa carte de visite : https://carte.foodeatup.com/michael\nComposer votre devis : https://site.foodeatup.com/creer-mon-devis\n\n#restaurant #restauration #logicielrestaurant #HACCP #IA #FoodEatUp
2026-10-24T13:00:00+02:00	Parler à son restaurant	https://rapido-software.s3.eu-west-3.amazonaws.com/rapidosoftware/cms/bibliotheque/FoodEatUp%20-%20Parler%20%C3%A0%20son%20restaurant%20%289x16%29.mp4	https://rapido-software.s3.eu-west-3.amazonaws.com/rapidosoftware/cms/bibliotheque/FoodEatUp%20-%20Parler%20%C3%A0%20son%20restaurant%20%28vignette%29.jpg	Parler à son restaurant\n\nFoodEatUp — une infinité de solutions pour gérer votre restaurant. Essai gratuit, sans carte bancaire.\n\nL'événement de la semaine : masterclass « IA et restaurant : comment la mettre en place ? », vendredi 12 septembre à 10 h, en direct sur LinkedIn. Gratuit, avec le replay pour les inscrits.\nInscription et ajout à votre agenda : https://calendar.app.google/wttUFqbCt42VvZWcA\nWhatsApp : https://wa.me/33614189225 (06 14 18 92 25)\nMa carte de visite : https://carte.foodeatup.com/michael\nComposer votre devis : https://site.foodeatup.com/creer-mon-devis\n\n#restaurant #restauration #logicielrestaurant #HACCP #IA #FoodEatUp
2026-10-24T18:30:00+02:00	Les quarante-cinq premières minutes	https://rapido-software.s3.eu-west-3.amazonaws.com/rapidosoftware/cms/bibliotheque/FoodEatUp%20-%20Les%20quarante-cinq%20premi%C3%A8res%20minutes%20%289x16%29.mp4	https://rapido-software.s3.eu-west-3.amazonaws.com/rapidosoftware/cms/bibliotheque/FoodEatUp%20-%20Les%20quarante-cinq%20premi%C3%A8res%20minutes%20%28vignette%29.jpg	Les quarante-cinq premières minutes\n\nFoodEatUp — une infinité de solutions pour gérer votre restaurant. Essai gratuit, sans carte bancaire.\n\nL'événement de la semaine : masterclass « IA et restaurant : comment la mettre en place ? », vendredi 12 septembre à 10 h, en direct sur LinkedIn. Gratuit, avec le replay pour les inscrits.\nInscription et ajout à votre agenda : https://calendar.app.google/wttUFqbCt42VvZWcA\nWhatsApp : https://wa.me/33614189225 (06 14 18 92 25)\nMa carte de visite : https://carte.foodeatup.com/michael\nComposer votre devis : https://site.foodeatup.com/creer-mon-devis\n\n#restaurant #restauration #logicielrestaurant #HACCP #IA #FoodEatUp
2026-10-25T09:00:00+02:00	La boucle gestion	https://rapido-software.s3.eu-west-3.amazonaws.com/rapidosoftware/cms/bibliotheque/FoodEatUp%20-%20La%20boucle%20gestion%20%289x16%29.mp4	https://rapido-software.s3.eu-west-3.amazonaws.com/rapidosoftware/cms/bibliotheque/FoodEatUp%20-%20La%20boucle%20gestion%20%28vignette%29.jpg	La boucle gestion\n\nFoodEatUp — une infinité de solutions pour gérer votre restaurant. Essai gratuit, sans carte bancaire.\n\nL'événement de la semaine : masterclass « IA et restaurant : comment la mettre en place ? », vendredi 12 septembre à 10 h, en direct sur LinkedIn. Gratuit, avec le replay pour les inscrits.\nInscription et ajout à votre agenda : https://calendar.app.google/wttUFqbCt42VvZWcA\nWhatsApp : https://wa.me/33614189225 (06 14 18 92 25)\nMa carte de visite : https://carte.foodeatup.com/michael\nComposer votre devis : https://site.foodeatup.com/creer-mon-devis\n\n#restaurant #restauration #logicielrestaurant #HACCP #IA #FoodEatUp
2026-10-25T13:00:00+02:00	La boucle vente	https://rapido-software.s3.eu-west-3.amazonaws.com/rapidosoftware/cms/bibliotheque/FoodEatUp%20-%20La%20boucle%20vente%20%289x16%29.mp4	https://rapido-software.s3.eu-west-3.amazonaws.com/rapidosoftware/cms/bibliotheque/FoodEatUp%20-%20La%20boucle%20vente%20%28vignette%29.jpg	La boucle vente\n\nFoodEatUp — une infinité de solutions pour gérer votre restaurant. Essai gratuit, sans carte bancaire.\n\nL'événement de la semaine : masterclass « IA et restaurant : comment la mettre en place ? », vendredi 12 septembre à 10 h, en direct sur LinkedIn. Gratuit, avec le replay pour les inscrits.\nInscription et ajout à votre agenda : https://calendar.app.google/wttUFqbCt42VvZWcA\nWhatsApp : https://wa.me/33614189225 (06 14 18 92 25)\nMa carte de visite : https://carte.foodeatup.com/michael\nComposer votre devis : https://site.foodeatup.com/creer-mon-devis\n\n#restaurant #restauration #logicielrestaurant #HACCP #IA #FoodEatUp
2026-10-25T18:30:00+02:00	Le signe du huit	https://rapido-software.s3.eu-west-3.amazonaws.com/rapidosoftware/cms/bibliotheque/FoodEatUp%20-%20Le%20signe%20du%20huit%20%289x16%29.mp4	https://rapido-software.s3.eu-west-3.amazonaws.com/rapidosoftware/cms/bibliotheque/FoodEatUp%20-%20Le%20signe%20du%20huit%20%28vignette%29.jpg	Le signe du huit\n\nFoodEatUp — une infinité de solutions pour gérer votre restaurant. Essai gratuit, sans carte bancaire.\n\nL'événement de la semaine : masterclass « IA et restaurant : comment la mettre en place ? », vendredi 12 septembre à 10 h, en direct sur LinkedIn. Gratuit, avec le replay pour les inscrits.\nInscription et ajout à votre agenda : https://calendar.app.google/wttUFqbCt42VvZWcA\nWhatsApp : https://wa.me/33614189225 (06 14 18 92 25)\nMa carte de visite : https://carte.foodeatup.com/michael\nComposer votre devis : https://site.foodeatup.com/creer-mon-devis\n\n#restaurant #restauration #logicielrestaurant #HACCP #IA #FoodEatUp
2026-10-26T09:00:00+02:00	Écrit par un cuisinier	https://rapido-software.s3.eu-west-3.amazonaws.com/rapidosoftware/cms/bibliotheque/FoodEatUp%20-%20%C3%89crit%20par%20un%20cuisinier%20%289x16%29.mp4	https://rapido-software.s3.eu-west-3.amazonaws.com/rapidosoftware/cms/bibliotheque/FoodEatUp%20-%20%C3%89crit%20par%20un%20cuisinier%20%28vignette%29.jpg	Écrit par un cuisinier\n\nFoodEatUp — une infinité de solutions pour gérer votre restaurant. Essai gratuit, sans carte bancaire.\n\nL'événement de la semaine : masterclass « IA et restaurant : comment la mettre en place ? », vendredi 12 septembre à 10 h, en direct sur LinkedIn. Gratuit, avec le replay pour les inscrits.\nInscription et ajout à votre agenda : https://calendar.app.google/wttUFqbCt42VvZWcA\nWhatsApp : https://wa.me/33614189225 (06 14 18 92 25)\nMa carte de visite : https://carte.foodeatup.com/michael\nComposer votre devis : https://site.foodeatup.com/creer-mon-devis\n\n#restaurant #restauration #logicielrestaurant #HACCP #IA #FoodEatUp
2026-10-26T13:00:00+02:00	La double saisie	https://rapido-software.s3.eu-west-3.amazonaws.com/rapidosoftware/cms/bibliotheque/FoodEatUp%20-%20La%20double%20saisie%20%289x16%29.mp4	https://rapido-software.s3.eu-west-3.amazonaws.com/rapidosoftware/cms/bibliotheque/FoodEatUp%20-%20La%20double%20saisie%20%28vignette%29.jpg	La double saisie\n\nFoodEatUp — une infinité de solutions pour gérer votre restaurant. Essai gratuit, sans carte bancaire.\n\nL'événement de la semaine : masterclass « IA et restaurant : comment la mettre en place ? », vendredi 12 septembre à 10 h, en direct sur LinkedIn. Gratuit, avec le replay pour les inscrits.\nInscription et ajout à votre agenda : https://calendar.app.google/wttUFqbCt42VvZWcA\nWhatsApp : https://wa.me/33614189225 (06 14 18 92 25)\nMa carte de visite : https://carte.foodeatup.com/michael\nComposer votre devis : https://site.foodeatup.com/creer-mon-devis\n\n#restaurant #restauration #logicielrestaurant #HACCP #IA #FoodEatUp
2026-10-26T18:30:00+02:00	Le dossier pour l'expert-comptable	https://rapido-software.s3.eu-west-3.amazonaws.com/rapidosoftware/cms/bibliotheque/FoodEatUp%20-%20Le%20dossier%20pour%20l%27expert-comptable%20%289x16%29.mp4	https://rapido-software.s3.eu-west-3.amazonaws.com/rapidosoftware/cms/bibliotheque/FoodEatUp%20-%20Le%20dossier%20pour%20l%27expert-comptable%20%28vignette%29.jpg	Le dossier pour l'expert-comptable\n\nFoodEatUp — une infinité de solutions pour gérer votre restaurant. Essai gratuit, sans carte bancaire.\n\nL'événement de la semaine : masterclass « IA et restaurant : comment la mettre en place ? », vendredi 12 septembre à 10 h, en direct sur LinkedIn. Gratuit, avec le replay pour les inscrits.\nInscription et ajout à votre agenda : https://calendar.app.google/wttUFqbCt42VvZWcA\nWhatsApp : https://wa.me/33614189225 (06 14 18 92 25)\nMa carte de visite : https://carte.foodeatup.com/michael\nComposer votre devis : https://site.foodeatup.com/creer-mon-devis\n\n#restaurant #restauration #logicielrestaurant #HACCP #IA #FoodEatUp
2026-10-27T09:00:00+02:00	La clôture du mois	https://rapido-software.s3.eu-west-3.amazonaws.com/rapidosoftware/cms/bibliotheque/FoodEatUp%20-%20La%20cl%C3%B4ture%20du%20mois%20%289x16%29.mp4	https://rapido-software.s3.eu-west-3.amazonaws.com/rapidosoftware/cms/bibliotheque/FoodEatUp%20-%20La%20cl%C3%B4ture%20du%20mois%20%28vignette%29.jpg	La clôture du mois\n\nFoodEatUp — une infinité de solutions pour gérer votre restaurant. Essai gratuit, sans carte bancaire.\n\nL'événement de la semaine : masterclass « IA et restaurant : comment la mettre en place ? », vendredi 12 septembre à 10 h, en direct sur LinkedIn. Gratuit, avec le replay pour les inscrits.\nInscription et ajout à votre agenda : https://calendar.app.google/wttUFqbCt42VvZWcA\nWhatsApp : https://wa.me/33614189225 (06 14 18 92 25)\nMa carte de visite : https://carte.foodeatup.com/michael\nComposer votre devis : https://site.foodeatup.com/creer-mon-devis\n\n#restaurant #restauration #logicielrestaurant #HACCP #IA #FoodEatUp
2026-10-27T13:00:00+02:00	La trésorerie du 15	https://rapido-software.s3.eu-west-3.amazonaws.com/rapidosoftware/cms/bibliotheque/FoodEatUp%20-%20La%20tr%C3%A9sorerie%20du%2015%20%289x16%29.mp4	https://rapido-software.s3.eu-west-3.amazonaws.com/rapidosoftware/cms/bibliotheque/FoodEatUp%20-%20La%20tr%C3%A9sorerie%20du%2015%20%28vignette%29.jpg	La trésorerie du 15\n\nFoodEatUp — une infinité de solutions pour gérer votre restaurant. Essai gratuit, sans carte bancaire.\n\nL'événement de la semaine : masterclass « IA et restaurant : comment la mettre en place ? », vendredi 12 septembre à 10 h, en direct sur LinkedIn. Gratuit, avec le replay pour les inscrits.\nInscription et ajout à votre agenda : https://calendar.app.google/wttUFqbCt42VvZWcA\nWhatsApp : https://wa.me/33614189225 (06 14 18 92 25)\nMa carte de visite : https://carte.foodeatup.com/michael\nComposer votre devis : https://site.foodeatup.com/creer-mon-devis\n\n#restaurant #restauration #logicielrestaurant #HACCP #IA #FoodEatUp
2026-10-27T18:30:00+02:00	Le rendez-vous à la banque	https://rapido-software.s3.eu-west-3.amazonaws.com/rapidosoftware/cms/bibliotheque/FoodEatUp%20-%20Le%20rendez-vous%20%C3%A0%20la%20banque%20%289x16%29.mp4	https://rapido-software.s3.eu-west-3.amazonaws.com/rapidosoftware/cms/bibliotheque/FoodEatUp%20-%20Le%20rendez-vous%20%C3%A0%20la%20banque%20%28vignette%29.jpg	Le rendez-vous à la banque\n\nFoodEatUp — une infinité de solutions pour gérer votre restaurant. Essai gratuit, sans carte bancaire.\n\nL'événement de la semaine : masterclass « IA et restaurant : comment la mettre en place ? », vendredi 12 septembre à 10 h, en direct sur LinkedIn. Gratuit, avec le replay pour les inscrits.\nInscription et ajout à votre agenda : https://calendar.app.google/wttUFqbCt42VvZWcA\nWhatsApp : https://wa.me/33614189225 (06 14 18 92 25)\nMa carte de visite : https://carte.foodeatup.com/michael\nComposer votre devis : https://site.foodeatup.com/creer-mon-devis\n\n#restaurant #restauration #logicielrestaurant #HACCP #IA #FoodEatUp
2026-10-28T09:00:00+02:00	Le sinistre du congélateur	https://rapido-software.s3.eu-west-3.amazonaws.com/rapidosoftware/cms/bibliotheque/FoodEatUp%20-%20Le%20sinistre%20du%20cong%C3%A9lateur%20%289x16%29.mp4	https://rapido-software.s3.eu-west-3.amazonaws.com/rapidosoftware/cms/bibliotheque/FoodEatUp%20-%20Le%20sinistre%20du%20cong%C3%A9lateur%20%28vignette%29.jpg	Le sinistre du congélateur\n\nFoodEatUp — une infinité de solutions pour gérer votre restaurant. Essai gratuit, sans carte bancaire.\n\nL'événement de la semaine : masterclass « IA et restaurant : comment la mettre en place ? », vendredi 12 septembre à 10 h, en direct sur LinkedIn. Gratuit, avec le replay pour les inscrits.\nInscription et ajout à votre agenda : https://calendar.app.google/wttUFqbCt42VvZWcA\nWhatsApp : https://wa.me/33614189225 (06 14 18 92 25)\nMa carte de visite : https://carte.foodeatup.com/michael\nComposer votre devis : https://site.foodeatup.com/creer-mon-devis\n\n#restaurant #restauration #logicielrestaurant #HACCP #IA #FoodEatUp
2026-10-28T13:00:00+02:00	La note d'hygiène affichée	https://rapido-software.s3.eu-west-3.amazonaws.com/rapidosoftware/cms/bibliotheque/FoodEatUp%20-%20La%20note%20d%27hygi%C3%A8ne%20affich%C3%A9e%20%289x16%29.mp4	https://rapido-software.s3.eu-west-3.amazonaws.com/rapidosoftware/cms/bibliotheque/FoodEatUp%20-%20La%20note%20d%27hygi%C3%A8ne%20affich%C3%A9e%20%28vignette%29.jpg	La note d'hygiène affichée\n\nFoodEatUp — une infinité de solutions pour gérer votre restaurant. Essai gratuit, sans carte bancaire.\n\nL'événement de la semaine : masterclass « IA et restaurant : comment la mettre en place ? », vendredi 12 septembre à 10 h, en direct sur LinkedIn. Gratuit, avec le replay pour les inscrits.\nInscription et ajout à votre agenda : https://calendar.app.google/wttUFqbCt42VvZWcA\nWhatsApp : https://wa.me/33614189225 (06 14 18 92 25)\nMa carte de visite : https://carte.foodeatup.com/michael\nComposer votre devis : https://site.foodeatup.com/creer-mon-devis\n\n#restaurant #restauration #logicielrestaurant #HACCP #IA #FoodEatUp
2026-10-28T18:30:00+02:00	La photo du contrôleur	https://rapido-software.s3.eu-west-3.amazonaws.com/rapidosoftware/cms/bibliotheque/FoodEatUp%20-%20La%20photo%20du%20contr%C3%B4leur%20%289x16%29.mp4	https://rapido-software.s3.eu-west-3.amazonaws.com/rapidosoftware/cms/bibliotheque/FoodEatUp%20-%20La%20photo%20du%20contr%C3%B4leur%20%28vignette%29.jpg	La photo du contrôleur\n\nFoodEatUp — une infinité de solutions pour gérer votre restaurant. Essai gratuit, sans carte bancaire.\n\nL'événement de la semaine : masterclass « IA et restaurant : comment la mettre en place ? », vendredi 12 septembre à 10 h, en direct sur LinkedIn. Gratuit, avec le replay pour les inscrits.\nInscription et ajout à votre agenda : https://calendar.app.google/wttUFqbCt42VvZWcA\nWhatsApp : https://wa.me/33614189225 (06 14 18 92 25)\nMa carte de visite : https://carte.foodeatup.com/michael\nComposer votre devis : https://site.foodeatup.com/creer-mon-devis\n\n#restaurant #restauration #logicielrestaurant #HACCP #IA #FoodEatUp
2026-10-29T09:00:00+02:00	L'extra qui ne revient pas	https://rapido-software.s3.eu-west-3.amazonaws.com/rapidosoftware/cms/bibliotheque/FoodEatUp%20-%20L%27extra%20qui%20ne%20revient%20pas%20%289x16%29.mp4	https://rapido-software.s3.eu-west-3.amazonaws.com/rapidosoftware/cms/bibliotheque/FoodEatUp%20-%20L%27extra%20qui%20ne%20revient%20pas%20%28vignette%29.jpg	L'extra qui ne revient pas\n\nFoodEatUp — une infinité de solutions pour gérer votre restaurant. Essai gratuit, sans carte bancaire.\n\nL'événement de la semaine : masterclass « IA et restaurant : comment la mettre en place ? », vendredi 12 septembre à 10 h, en direct sur LinkedIn. Gratuit, avec le replay pour les inscrits.\nInscription et ajout à votre agenda : https://calendar.app.google/wttUFqbCt42VvZWcA\nWhatsApp : https://wa.me/33614189225 (06 14 18 92 25)\nMa carte de visite : https://carte.foodeatup.com/michael\nComposer votre devis : https://site.foodeatup.com/creer-mon-devis\n\n#restaurant #restauration #logicielrestaurant #HACCP #IA #FoodEatUp
2026-10-29T13:00:00+02:00	Le planning envoyé le samedi	https://rapido-software.s3.eu-west-3.amazonaws.com/rapidosoftware/cms/bibliotheque/FoodEatUp%20-%20Le%20planning%20envoy%C3%A9%20le%20samedi%20%289x16%29.mp4	https://rapido-software.s3.eu-west-3.amazonaws.com/rapidosoftware/cms/bibliotheque/FoodEatUp%20-%20Le%20planning%20envoy%C3%A9%20le%20samedi%20%28vignette%29.jpg	Le planning envoyé le samedi\n\nFoodEatUp — une infinité de solutions pour gérer votre restaurant. Essai gratuit, sans carte bancaire.\n\nL'événement de la semaine : masterclass « IA et restaurant : comment la mettre en place ? », vendredi 12 septembre à 10 h, en direct sur LinkedIn. Gratuit, avec le replay pour les inscrits.\nInscription et ajout à votre agenda : https://calendar.app.google/wttUFqbCt42VvZWcA\nWhatsApp : https://wa.me/33614189225 (06 14 18 92 25)\nMa carte de visite : https://carte.foodeatup.com/michael\nComposer votre devis : https://site.foodeatup.com/creer-mon-devis\n\n#restaurant #restauration #logicielrestaurant #HACCP #IA #FoodEatUp
2026-10-29T18:30:00+02:00	L'absence de dernière minute	https://rapido-software.s3.eu-west-3.amazonaws.com/rapidosoftware/cms/bibliotheque/FoodEatUp%20-%20L%27absence%20de%20derni%C3%A8re%20minute%20%289x16%29.mp4	https://rapido-software.s3.eu-west-3.amazonaws.com/rapidosoftware/cms/bibliotheque/FoodEatUp%20-%20L%27absence%20de%20derni%C3%A8re%20minute%20%28vignette%29.jpg	L'absence de dernière minute\n\nFoodEatUp — une infinité de solutions pour gérer votre restaurant. Essai gratuit, sans carte bancaire.\n\nL'événement de la semaine : masterclass « IA et restaurant : comment la mettre en place ? », vendredi 12 septembre à 10 h, en direct sur LinkedIn. Gratuit, avec le replay pour les inscrits.\nInscription et ajout à votre agenda : https://calendar.app.google/wttUFqbCt42VvZWcA\nWhatsApp : https://wa.me/33614189225 (06 14 18 92 25)\nMa carte de visite : https://carte.foodeatup.com/michael\nComposer votre devis : https://site.foodeatup.com/creer-mon-devis\n\n#restaurant #restauration #logicielrestaurant #HACCP #IA #FoodEatUp
2026-10-30T09:00:00+02:00	Le client qui revient	https://rapido-software.s3.eu-west-3.amazonaws.com/rapidosoftware/cms/bibliotheque/FoodEatUp%20-%20Le%20client%20qui%20revient%20%289x16%29.mp4	https://rapido-software.s3.eu-west-3.amazonaws.com/rapidosoftware/cms/bibliotheque/FoodEatUp%20-%20Le%20client%20qui%20revient%20%28vignette%29.jpg	Le client qui revient\n\nFoodEatUp — une infinité de solutions pour gérer votre restaurant. Essai gratuit, sans carte bancaire.\n\nL'événement de la semaine : masterclass « IA et restaurant : comment la mettre en place ? », vendredi 12 septembre à 10 h, en direct sur LinkedIn. Gratuit, avec le replay pour les inscrits.\nInscription et ajout à votre agenda : https://calendar.app.google/wttUFqbCt42VvZWcA\nWhatsApp : https://wa.me/33614189225 (06 14 18 92 25)\nMa carte de visite : https://carte.foodeatup.com/michael\nComposer votre devis : https://site.foodeatup.com/creer-mon-devis\n\n#restaurant #restauration #logicielrestaurant #HACCP #IA #FoodEatUp
2026-10-30T13:00:00+02:00	L'anniversaire oublié	https://rapido-software.s3.eu-west-3.amazonaws.com/rapidosoftware/cms/bibliotheque/FoodEatUp%20-%20L%27anniversaire%20oubli%C3%A9%20%289x16%29.mp4	https://rapido-software.s3.eu-west-3.amazonaws.com/rapidosoftware/cms/bibliotheque/FoodEatUp%20-%20L%27anniversaire%20oubli%C3%A9%20%28vignette%29.jpg	L'anniversaire oublié\n\nFoodEatUp — une infinité de solutions pour gérer votre restaurant. Essai gratuit, sans carte bancaire.\n\nL'événement de la semaine : masterclass « IA et restaurant : comment la mettre en place ? », vendredi 12 septembre à 10 h, en direct sur LinkedIn. Gratuit, avec le replay pour les inscrits.\nInscription et ajout à votre agenda : https://calendar.app.google/wttUFqbCt42VvZWcA\nWhatsApp : https://wa.me/33614189225 (06 14 18 92 25)\nMa carte de visite : https://carte.foodeatup.com/michael\nComposer votre devis : https://site.foodeatup.com/creer-mon-devis\n\n#restaurant #restauration #logicielrestaurant #HACCP #IA #FoodEatUp
2026-10-30T18:30:00+02:00	Le bouche-à-oreille	https://rapido-software.s3.eu-west-3.amazonaws.com/rapidosoftware/cms/bibliotheque/FoodEatUp%20-%20Le%20bouche-%C3%A0-oreille%20%289x16%29.mp4	https://rapido-software.s3.eu-west-3.amazonaws.com/rapidosoftware/cms/bibliotheque/FoodEatUp%20-%20Le%20bouche-%C3%A0-oreille%20%28vignette%29.jpg	Le bouche-à-oreille\n\nFoodEatUp — une infinité de solutions pour gérer votre restaurant. Essai gratuit, sans carte bancaire.\n\nL'événement de la semaine : masterclass « IA et restaurant : comment la mettre en place ? », vendredi 12 septembre à 10 h, en direct sur LinkedIn. Gratuit, avec le replay pour les inscrits.\nInscription et ajout à votre agenda : https://calendar.app.google/wttUFqbCt42VvZWcA\nWhatsApp : https://wa.me/33614189225 (06 14 18 92 25)\nMa carte de visite : https://carte.foodeatup.com/michael\nComposer votre devis : https://site.foodeatup.com/creer-mon-devis\n\n#restaurant #restauration #logicielrestaurant #HACCP #IA #FoodEatUp
2026-10-31T09:00:00+02:00	La fiche Google incomplète	https://rapido-software.s3.eu-west-3.amazonaws.com/rapidosoftware/cms/bibliotheque/FoodEatUp%20-%20La%20fiche%20Google%20incompl%C3%A8te%20%289x16%29.mp4	https://rapido-software.s3.eu-west-3.amazonaws.com/rapidosoftware/cms/bibliotheque/FoodEatUp%20-%20La%20fiche%20Google%20incompl%C3%A8te%20%28vignette%29.jpg	La fiche Google incomplète\n\nFoodEatUp — une infinité de solutions pour gérer votre restaurant. Essai gratuit, sans carte bancaire.\n\nL'événement de la semaine : masterclass « IA et restaurant : comment la mettre en place ? », vendredi 12 septembre à 10 h, en direct sur LinkedIn. Gratuit, avec le replay pour les inscrits.\nInscription et ajout à votre agenda : https://calendar.app.google/wttUFqbCt42VvZWcA\nWhatsApp : https://wa.me/33614189225 (06 14 18 92 25)\nMa carte de visite : https://carte.foodeatup.com/michael\nComposer votre devis : https://site.foodeatup.com/creer-mon-devis\n\n#restaurant #restauration #logicielrestaurant #HACCP #IA #FoodEatUp
2026-10-31T13:00:00+02:00	Demain matin	https://rapido-software.s3.eu-west-3.amazonaws.com/rapidosoftware/cms/bibliotheque/FoodEatUp%20-%20Demain%20matin%20%289x16%29.mp4	https://rapido-software.s3.eu-west-3.amazonaws.com/rapidosoftware/cms/bibliotheque/FoodEatUp%20-%20Demain%20matin%20%28vignette%29.jpg	Demain matin\n\nFoodEatUp — une infinité de solutions pour gérer votre restaurant. Essai gratuit, sans carte bancaire.\n\nL'événement de la semaine : masterclass « IA et restaurant : comment la mettre en place ? », vendredi 12 septembre à 10 h, en direct sur LinkedIn. Gratuit, avec le replay pour les inscrits.\nInscription et ajout à votre agenda : https://calendar.app.google/wttUFqbCt42VvZWcA\nWhatsApp : https://wa.me/33614189225 (06 14 18 92 25)\nMa carte de visite : https://carte.foodeatup.com/michael\nComposer votre devis : https://site.foodeatup.com/creer-mon-devis\n\n#restaurant #restauration #logicielrestaurant #HACCP #IA #FoodEatUp
